3028.jpg,qWRl
4081.jpg,Rfyg
1411.jpg,u9I5
3511.jpg,610S
174.jpg,0iVB
4711.jpg,U78o
4160.jpg,5CIu
4118.jpg,dc1d
219.jpg,epsV
3477.jpg,aYRX
2332.jpg,ojsO
1727.jpg,cuP8
4203.jpg,1scK
1590.jpg,WvQt
4018.jpg,ZJqR
999.jpg,q4fh
2850.jpg,cC6o
702.jpg,ChKy
1220.jpg,Bi2n
1725.jpg,zf7p
3837.jpg,cFiF
4333.jpg,UqDC
693.jpg,gbgn
4925.jpg,wieB
908.jpg,fy6R
4315.jpg,JK0T
1491.jpg,2xe4
1097.jpg,Rmd6
2505.jpg,fKiH
4113.jpg,MkBf
2928.jpg,Z1Zs
1291.jpg,w5DA
4437.jpg,lv2u
1265.jpg,ZmCO
1397.jpg,569l
4903.jpg,Jstu
2187.jpg,Otw8
4617.jpg,vS8U
3220.jpg,SX8W
1647.jpg,osWP
1948.jpg,C1hM
3448.jpg,qao4
369.jpg,MpCH
3004.jpg,cQBs
3208.jpg,WNP9
2060.jpg,8H2z
659.jpg,vB7d
291.jpg,aqD8
349.jpg,x2Jb
3441.jpg,BkgQ
412.jpg,PvEy
4567.jpg,IXaU
3264.jpg,FgxJ
2297.jpg,a7qB
641.jpg,Cbgx
1863.jpg,N24A
4119.jpg,Ivh7
3652.jpg,gEUE
1501.jpg,aSLM
1521.jpg,avwL
4218.jpg,GkvA
2459.jpg,3f4y
4490.jpg,wkVT
85.jpg,Gdqb
2389.jpg,6JP1
1313.jpg,JUxK
3214.jpg,K33X
2700.jpg,ymC9
2790.jpg,LVML
57.jpg,KGlQ
2385.jpg,WBMV
3338.jpg,b4ow
3617.jpg,Dgga
611.jpg,mw2G
2707.jpg,HZpX
1788.jpg,dP8R
4852.jpg,fhYQ
340.jpg,8La0
2272.jpg,iUKL
606.jpg,LFVq
4688.jpg,H2t0
3112.jpg,y8I9
4402.jpg,gNIm
2148.jpg,4TTm
1794.jpg,jLId
1800.jpg,oyGe
2204.jpg,zbRA
2988.jpg,O7XL
4611.jpg,nJnJ
1915.jpg,NseX
2543.jpg,HZC3
1806.jpg,9YOF
4560.jpg,R8N5
2453.jpg,SD4y
1926.jpg,k5tN
3267.jpg,feAH
926.jpg,WKxR
967.jpg,gcVy
4390.jpg,Vqmn
1811.jpg,0mus
2876.jpg,uyeV
673.jpg,RgdC
2770.jpg,56vj
4505.jpg,OE5t
1752.jpg,JLFu
4352.jpg,ENzx
1076.jpg,OD8X
4034.jpg,AP3I
1162.jpg,lzRU
1487.jpg,GUht
944.jpg,rQOZ
4309.jpg,rr3T
3106.jpg,1VNf
745.jpg,Xeu2
2286.jpg,UjxC
178.jpg,vP6q
249.jpg,mxpG
199.jpg,bbXd
1308.jpg,nOgy
1044.jpg,EptC
3883.jpg,5j4k
3507.jpg,Z65Q
4667.jpg,mCLw
1724.jpg,6sTB
1842.jpg,WL77
662.jpg,XkV6
2961.jpg,DoPx
1934.jpg,HkYw
1927.jpg,kJiG
2644.jpg,VZA4
838.jpg,tDk5
1126.jpg,klVH
446.jpg,dCWY
675.jpg,zaKr
1187.jpg,DVnn
4111.jpg,tyqe
3694.jpg,IZrZ
235.jpg,LKgo
1095.jpg,rkdG
4495.jpg,YGqN
3818.jpg,qQRY
1293.jpg,opqV
1453.jpg,gv7m
1691.jpg,ajhS
4883.jpg,j3Vd
4888.jpg,OWJS
1041.jpg,wC3y
258.jpg,Uoqc
4146.jpg,LneS
4514.jpg,7WzY
2324.jpg,jrwp
3308.jpg,Visu
330.jpg,H8X1
4703.jpg,5aQ3
905.jpg,zJTq
4461.jpg,ohPY
1201.jpg,k8UC
1341.jpg,WFpO
1687.jpg,gauH
2695.jpg,FkUo
882.jpg,q7sR
1583.jpg,Oh4C
243.jpg,L0Ad
1541.jpg,zA8i
3763.jpg,Lbz5
988.jpg,zZOL
655.jpg,Fgst
2799.jpg,xjrd
1933.jpg,KmD3
1887.jpg,O9Bt
2582.jpg,XETQ
3097.jpg,uDa3
3611.jpg,iNx1
3525.jpg,tY86
2643.jpg,2apt
558.jpg,zurT
880.jpg,F7tv
4809.jpg,rIpj
321.jpg,5z3y
2349.jpg,cglh
2856.jpg,1An3
2929.jpg,uPk0
1709.jpg,2QJt
1138.jpg,Pred
3456.jpg,oARZ
1388.jpg,8LSw
1216.jpg,7qLi
405.jpg,8DQp
434.jpg,HG3v
2884.jpg,Mx3I
4464.jpg,4m8T
2377.jpg,fle6
489.jpg,AydD
2384.jpg,SdWT
3535.jpg,AZgn
1818.jpg,zPfx
1133.jpg,QHuS
1594.jpg,bEoe
3821.jpg,rvz3
3838.jpg,ySli
1013.jpg,Ap21
4684.jpg,yteZ
2613.jpg,x2cd
976.jpg,MtGv
1122.jpg,3EJq
4543.jpg,mUhW
652.jpg,0UQ1
3804.jpg,KgYG
4840.jpg,KO3J
769.jpg,uLWw
3891.jpg,FV75
1232.jpg,29Hp
1032.jpg,PO2x
1976.jpg,sgyy
1145.jpg,rsLw
2651.jpg,DnBJ
2374.jpg,V7XK
2975.jpg,RXgu
2189.jpg,TvfN
3491.jpg,x66J
4804.jpg,sikV
3637.jpg,DVic
1407.jpg,F166
1158.jpg,njGJ
4451.jpg,iLYI
1004.jpg,IpgW
4872.jpg,0ndn
3873.jpg,bvkI
4228.jpg,0VdD
2523.jpg,rjda
1554.jpg,ApfE
4221.jpg,mKnw
779.jpg,Qktq
3046.jpg,2h5l
1481.jpg,monC
2817.jpg,nR5I
1813.jpg,12Bg
1085.jpg,By10
2937.jpg,AsUn
2890.jpg,LcVZ
3718.jpg,rGZz
3073.jpg,FREn
3163.jpg,w7mR
2103.jpg,gr0M
3991.jpg,KSyY
3547.jpg,JJ3p
4909.jpg,5yM1
3475.jpg,RSWk
3670.jpg,C41v
162.jpg,UgaH
1447.jpg,EliB
2400.jpg,JM22
1751.jpg,B8Fj
2821.jpg,Asv2
4815.jpg,CmQh
2370.jpg,k7mC
1149.jpg,tIs5
680.jpg,9GBk
2819.jpg,HSfK
3169.jpg,LoxD
4379.jpg,7TMk
4091.jpg,nwTx
2133.jpg,NQzQ
4544.jpg,8NTa
2348.jpg,csUv
3447.jpg,PeWE
3390.jpg,G8pZ
3350.jpg,MbXZ
4320.jpg,PsNY
2110.jpg,6ykQ
1769.jpg,yMta
875.jpg,SBoh
3337.jpg,BZaO
1325.jpg,UraY
2489.jpg,NqQE
2680.jpg,skKc
2504.jpg,8fij
3835.jpg,Tlbn
767.jpg,0YdU
539.jpg,qmSZ
3953.jpg,TxE0
1028.jpg,BwD1
4973.jpg,uyaC
314.jpg,ZbbU
2062.jpg,Xqv5
364.jpg,MmHu
1898.jpg,6N8J
2069.jpg,pOPI
4219.jpg,eYcV
4908.jpg,r03K
1330.jpg,rIm6
1719.jpg,ef8U
2795.jpg,ylhe
3276.jpg,VkoS
2205.jpg,OX1y
2273.jpg,BYcV
1314.jpg,xI4e
2716.jpg,9AYx
1458.jpg,IYgv
3816.jpg,IOIe
1438.jpg,mfcm
1332.jpg,N9k8
95.jpg,t0GX
1975.jpg,CXkr
2596.jpg,N2iR
377.jpg,1aM6
722.jpg,517C
4750.jpg,Z86Z
4039.jpg,MNem
2448.jpg,fZz6
1673.jpg,qrFk
4025.jpg,GkKW
1665.jpg,AhcL
2199.jpg,pDZp
1383.jpg,afiq
333.jpg,KoW4
1264.jpg,ITkl
451.jpg,SOo5
3003.jpg,rnVH
1608.jpg,OfDV
4981.jpg,VBd7
2731.jpg,RQZG
3184.jpg,rrdZ
4220.jpg,miUJ
2089.jpg,cEt2
1844.jpg,nwwb
3697.jpg,gXDc
4273.jpg,CcZP
4485.jpg,lTQD
3892.jpg,s2HB
1551.jpg,2Ccj
4498.jpg,C86G
806.jpg,3t9n
3564.jpg,QGfm
1600.jpg,yKjc
3149.jpg,zPcf
2465.jpg,vPvu
2203.jpg,lg08
2995.jpg,IWhX
1657.jpg,5IkV
3937.jpg,gdgr
3400.jpg,opI5
3706.jpg,BwYk
4590.jpg,MBon
166.jpg,2uGe
4660.jpg,CUxL
2902.jpg,MejW
287.jpg,2ZZ9
3997.jpg,Pvw6
4475.jpg,ctLk
3616.jpg,eR23
833.jpg,7J7G
3356.jpg,DMXe
2912.jpg,XhSp
3405.jpg,hIXY
3512.jpg,1XcJ
2804.jpg,RmZl
792.jpg,lsGz
2224.jpg,80rO
608.jpg,mwwK
3632.jpg,EdDD
1007.jpg,qAMs
864.jpg,SoDR
4921.jpg,UOw4
2492.jpg,ntHi
1289.jpg,Z5ZW
2302.jpg,R5CH
566.jpg,upX2
4355.jpg,Ca46
598.jpg,RA1s
4952.jpg,KLzc
2724.jpg,xVWQ
3054.jpg,QUmO
4878.jpg,Om7t
3969.jpg,ifZ6
4594.jpg,0v1m
1194.jpg,gttR
264.jpg,arJP
3151.jpg,3MQj
1456.jpg,IYQR
1027.jpg,i4kU
4577.jpg,2TyY
3737.jpg,Hfcz
4687.jpg,dHXc
4695.jpg,pfUO
790.jpg,mGe2
3393.jpg,vOYK
1787.jpg,INUW
524.jpg,zevd
1900.jpg,69NU
1424.jpg,3ya8
1726.jpg,6AyK
2733.jpg,p24g
839.jpg,nuph
1417.jpg,JYSF
947.jpg,GMJG
2597.jpg,KI0K
3853.jpg,bx6Q
4013.jpg,OQKI
2023.jpg,p5Ox
1271.jpg,A6Pf
3331.jpg,62UW
4388.jpg,SbSa
3284.jpg,7JXP
3363.jpg,WjVg
1582.jpg,PGt7
282.jpg,qdzn
484.jpg,fecJ
2521.jpg,tiUh
226.jpg,4mDC
3485.jpg,H76l
2626.jpg,zCGn
31.jpg,b86y
2841.jpg,cFs0
4898.jpg,9qEE
4566.jpg,B0o7
1837.jpg,6eMn
1510.jpg,XYeb
3508.jpg,Y454
453.jpg,HELD
2142.jpg,Dsmi
3951.jpg,YJLm
1222.jpg,ahXS
713.jpg,7bji
4963.jpg,64z3
916.jpg,T2MK
1693.jpg,Ad71
3137.jpg,vT6v
3820.jpg,zte3
3802.jpg,HiCQ
4997.jpg,2ukI
3045.jpg,f6SG
1901.jpg,Jy2Y
2107.jpg,fWCO
3921.jpg,NR1j
4385.jpg,oe9d
3135.jpg,U7FS
2157.jpg,t3Yb
3945.jpg,OvoY
3810.jpg,tR5n
2079.jpg,gmO6
3530.jpg,enxU
3048.jpg,TlL9
4598.jpg,Nqrw
13.jpg,u38E
4838.jpg,vtRr
1250.jpg,X42Y
663.jpg,o5FH
2852.jpg,sokH
2063.jpg,gPWG
764.jpg,mmYh
2948.jpg,dnvy
4640.jpg,VS6t
4791.jpg,BkMc
2401.jpg,2egC
2145.jpg,oURC
3827.jpg,rLye
4858.jpg,hZzS
4017.jpg,orQ6
170.jpg,bTLn
615.jpg,3noz
3043.jpg,41ro
3566.jpg,y6ng
4173.jpg,BrvM
1607.jpg,UfpV
559.jpg,GCoB
2175.jpg,BEXp
1207.jpg,29ha
447.jpg,E0d3
3297.jpg,2nBG
2086.jpg,04oj
1306.jpg,NApy
3919.jpg,EdXG
3361.jpg,02hu
4522.jpg,XatM
4182.jpg,KYTc
1643.jpg,fRxL
4455.jpg,8aF5
2854.jpg,BvmH
2915.jpg,1DDT
3190.jpg,PpDi
4224.jpg,dBbs
4900.jpg,5xY9
3586.jpg,ROb6
32.jpg,lFRz
441.jpg,qWaP
695.jpg,yPRn
4476.jpg,UEM6
3722.jpg,ckPK
3440.jpg,2Qgl
4426.jpg,IHxe
3693.jpg,K8Sl
982.jpg,SnVA
4694.jpg,tdU6
4859.jpg,hzJ1
797.jpg,GCGS
4011.jpg,wmb5
3906.jpg,J24O
3590.jpg,NQEQ
2734.jpg,mzlS
4071.jpg,i6GO
4353.jpg,NvE8
714.jpg,DNAA
541.jpg,ONOB
3203.jpg,9NJz
4762.jpg,BJ5t
1169.jpg,HV0X
4245.jpg,yM5W
2106.jpg,GzHh
444.jpg,8TOO
1609.jpg,P2sZ
4324.jpg,5ai8
4572.jpg,HSrA
545.jpg,MFXp
2239.jpg,oOxf
3161.jpg,exx6
2354.jpg,Mkax
2903.jpg,mJBg
1426.jpg,udXX
2917.jpg,HFSr
457.jpg,ftaa
2678.jpg,y51S
4395.jpg,od2I
2019.jpg,OXMa
2038.jpg,O731
2099.jpg,15Hk
2620.jpg,0r5E
3282.jpg,Zb99
1414.jpg,l0HR
2423.jpg,b6Z2
4167.jpg,L7xX
2984.jpg,9krn
3836.jpg,VWaT
4771.jpg,RXyi
904.jpg,d8Qx
1378.jpg,TSFB
1953.jpg,YykQ
4971.jpg,XgDx
4347.jpg,fxmu
3861.jpg,f3rM
4584.jpg,p5En
3608.jpg,lSzc
2560.jpg,rWGf
206.jpg,88FW
2303.jpg,RhOx
1196.jpg,Jbn1
3232.jpg,mP1C
4229.jpg,Jme6
3399.jpg,cJC0
983.jpg,wpMY
320.jpg,MlqY
1287.jpg,fcYG
58.jpg,MUKZ
4162.jpg,CgTb
1650.jpg,93Ct
398.jpg,zP1I
2794.jpg,3c2i
667.jpg,CqIF
2996.jpg,rWei
2179.jpg,h14u
4121.jpg,0S6m
1353.jpg,st3C
914.jpg,opoN
3051.jpg,IFxf
4781.jpg,jjG8
3521.jpg,YDxS
1218.jpg,lvFG
1322.jpg,hNYV
4122.jpg,21ml
4743.jpg,yoOI
1273.jpg,pS7u
3060.jpg,Ykfq
1441.jpg,NZlU
522.jpg,LEYh
4492.jpg,AyL7
2020.jpg,7908
1880.jpg,sj3R
1385.jpg,YMX0
2161.jpg,7f7r
1718.jpg,LP0v
402.jpg,HJnK
1943.jpg,V4wG
2109.jpg,tcCL
3793.jpg,NZX3
1855.jpg,wmeE
3719.jpg,Pa1w
35.jpg,V7T8
2279.jpg,SUeu
4784.jpg,Oyjh
2683.jpg,VntZ
4040.jpg,fTSd
645.jpg,rjWS
980.jpg,cXJv
1744.jpg,CWga
3196.jpg,48OY
3596.jpg,fltM
4471.jpg,rYdm
1679.jpg,csLy
2594.jpg,827j
3918.jpg,5hTK
2143.jpg,T6Gm
389.jpg,Kcke
812.jpg,1iyG
2242.jpg,YLio
4186.jpg,BalD
413.jpg,jn49
4764.jpg,i5oC
4548.jpg,Fn6e
467.jpg,z9iU
2617.jpg,zbJO
298.jpg,J6D8
4272.jpg,4n5g
145.jpg,A8dp
2104.jpg,HdaA
4894.jpg,ZVmQ
2930.jpg,zxrG
1365.jpg,sg9H
3263.jpg,o0KH
3964.jpg,AhOa
1895.jpg,Sa58
38.jpg,jQIv
3198.jpg,VES1
456.jpg,Eumi
744.jpg,HS7o
3457.jpg,IxN2
2774.jpg,rM1B
4197.jpg,WZ8h
2073.jpg,7RqM
421.jpg,p40A
913.jpg,H4uF
1094.jpg,Mj5n
2758.jpg,th39
986.jpg,ZwMs
4287.jpg,TA1V
3436.jpg,SPJp
2360.jpg,mzU6
2780.jpg,J7xC
3823.jpg,K8iA
26.jpg,ldof
3324.jpg,PMmc
172.jpg,XUfU
729.jpg,GvqR
4008.jpg,JVjw
831.jpg,78Lb
3554.jpg,452d
4339.jpg,7rFF
569.jpg,PV8V
118.jpg,NLBp
955.jpg,FVle
2299.jpg,txI3
4524.jpg,26py
1517.jpg,r7qt
2362.jpg,mmdB
1408.jpg,uob3
1686.jpg,QlSX
1398.jpg,V9Q5
1036.jpg,50I6
163.jpg,Z4hP
3580.jpg,DRu6
1016.jpg,0lDO
2098.jpg,Locd
2137.jpg,8H93
269.jpg,zv10
4207.jpg,sZpA
2307.jpg,rKaS
585.jpg,WQCm
2632.jpg,zkb1
1688.jpg,j58O
697.jpg,fPRd
4230.jpg,J3vU
2776.jpg,LmII
306.jpg,CAgs
2431.jpg,Y6yY
1439.jpg,xL4E
3153.jpg,ddCn
640.jpg,ewXN
1675.jpg,0VxV
1195.jpg,1r1V
4777.jpg,TEqU
4595.jpg,qRZ1
4619.jpg,fdgL
1461.jpg,Avv3
1991.jpg,D1Nv
1939.jpg,iKg8
1974.jpg,Bca4
4375.jpg,N3e9
3640.jpg,FRaH
3578.jpg,t4va
508.jpg,0qE2
3408.jpg,G3Gn
2801.jpg,7nkc
171.jpg,yEHS
2538.jpg,eTew
848.jpg,JLEP
1452.jpg,6t2O
4713.jpg,mCj4
1569.jpg,NTZY
4509.jpg,TymP
3321.jpg,oHYb
470.jpg,Z3ju
4217.jpg,uqS2
1640.jpg,019M
236.jpg,1gAy
204.jpg,0HfD
4843.jpg,c06Q
2066.jpg,spTy
418.jpg,TA1U
937.jpg,1dMn
169.jpg,51d2
1827.jpg,omvO
4892.jpg,XDdr
2764.jpg,75eU
1547.jpg,b3Sv
309.jpg,Kv8r
2341.jpg,8J8M
2518.jpg,AZiO
1779.jpg,Bj40
3628.jpg,4oDT
2230.jpg,L1ST
2009.jpg,sZ5L
3912.jpg,xY6z
4769.jpg,2pwA
4792.jpg,UrKe
4210.jpg,zKIt
2717.jpg,XOtk
553.jpg,lSHd
1561.jpg,Rykm
4436.jpg,ZSny
3809.jpg,qrjr
4880.jpg,xfxT
709.jpg,ZOlc
573.jpg,03DJ
4523.jpg,yugj
2750.jpg,dOd6
4685.jpg,AABl
706.jpg,gUVR
4015.jpg,z1s1
4942.jpg,b8Ei
2577.jpg,f0pM
1351.jpg,WcSi
89.jpg,BAV6
4862.jpg,t1kn
4313.jpg,jh7f
1876.jpg,uw4C
1153.jpg,5sz8
149.jpg,nyyo
4292.jpg,G7eq
2135.jpg,pnlt
2945.jpg,GuHG
4409.jpg,oPlR
2932.jpg,yCjA
2311.jpg,D90x
3304.jpg,gouq
3459.jpg,aAo0
3287.jpg,903a
3254.jpg,zd4E
4483.jpg,jO4N
658.jpg,V6Le
4342.jpg,SRVd
4023.jpg,UmPU
2399.jpg,vsBJ
176.jpg,QfAZ
1564.jpg,k6HV
3070.jpg,Tf48
3721.jpg,Vpdf
1357.jpg,KAk8
2835.jpg,5zvL
3141.jpg,g2Yc
3665.jpg,5G9o
622.jpg,741K
497.jpg,R9MX
4257.jpg,I6w2
510.jpg,Q0Lw
2451.jpg,8PUx
2105.jpg,su5D
1137.jpg,DWbu
4494.jpg,6CFZ
1899.jpg,P8R3
3879.jpg,ilDu
1940.jpg,e3uv
216.jpg,FcQo
2497.jpg,NQvt
3947.jpg,I56X
491.jpg,deJQ
3200.jpg,qTWD
4627.jpg,IkKJ
2663.jpg,ZBdR
4274.jpg,K33Z
660.jpg,VC0I
2611.jpg,PZj8
1215.jpg,3Jsj
991.jpg,kyb1
4593.jpg,68go
4613.jpg,vHlB
1633.jpg,0sbC
347.jpg,7y6y
4344.jpg,4rav
3922.jpg,AHZV
460.jpg,joMV
3342.jpg,AiHk
3147.jpg,CxPh
3189.jpg,2uhr
653.jpg,hhFZ
4194.jpg,bHrV
4964.jpg,GgiR
4022.jpg,zpzA
261.jpg,5nED
2265.jpg,CLaF
3093.jpg,RZF7
438.jpg,m12H
936.jpg,AF6z
1677.jpg,grn0
3.jpg,pCz6
677.jpg,3K5W
4454.jpg,RKCv
2031.jpg,83S4
250.jpg,djpt
3934.jpg,lfpK
1839.jpg,8bEt
2645.jpg,qRSq
2771.jpg,m48I
4991.jpg,5sxK
4834.jpg,3c1S
4658.jpg,BHXW
2910.jpg,JdwH
1524.jpg,wDNq
4141.jpg,hLak
1393.jpg,PKQc
3478.jpg,aGJb
3224.jpg,kFHB
1183.jpg,urTY
4499.jpg,HVuv
3157.jpg,APqa
2999.jpg,TB9I
75.jpg,9qTj
3666.jpg,ZQC8
3927.jpg,IrWs
2515.jpg,CAZK
4808.jpg,vzW5
3486.jpg,FkTR
4164.jpg,DAkl
353.jpg,QgDi
3559.jpg,y5A1
2781.jpg,JttM
2563.jpg,TRyB
4046.jpg,d2a0
861.jpg,HB71
591.jpg,5OFf
131.jpg,T0GC
2294.jpg,DzIr
2813.jpg,lEop
2754.jpg,MXca
1451.jpg,FkHc
1237.jpg,tWEe
2687.jpg,SBud
3236.jpg,B2vx
3743.jpg,UQ3T
208.jpg,1tGV
2366.jpg,X37k
2941.jpg,jbcx
711.jpg,ha2d
3434.jpg,ZHlm
3435.jpg,fEPY
1791.jpg,qUD7
193.jpg,5zDC
3118.jpg,RzWY
4530.jpg,lSCm
4500.jpg,oiBT
1785.jpg,l88v
222.jpg,O6Vl
2355.jpg,OMTu
1715.jpg,UB0D
224.jpg,4h7U
2024.jpg,TGRo
1708.jpg,bPWi
4906.jpg,k5ce
1712.jpg,9UkU
4657.jpg,2dmH
390.jpg,AJXg
2358.jpg,FSun
1498.jpg,qjYe
2968.jpg,rUkh
4714.jpg,T79p
4078.jpg,sNfy
4767.jpg,DWTg
4557.jpg,gFUc
2136.jpg,t708
3678.jpg,uoDt
2.jpg,YiVh
1525.jpg,qn05
899.jpg,jH5h
3751.jpg,X7WM
4083.jpg,WhOv
4345.jpg,P2MS
1260.jpg,BH53
2007.jpg,Mfbb
3733.jpg,kaUr
3294.jpg,Jlhb
3974.jpg,ny6j
646.jpg,Zxqk
1073.jpg,4s1I
4529.jpg,u7Kh
1266.jpg,Pc9O
3285.jpg,K6Sw
2000.jpg,sREW
3482.jpg,pARG
2812.jpg,JAJn
1275.jpg,wcGX
3096.jpg,mVfu
2652.jpg,fGAL
2935.jpg,nDXv
1664.jpg,CDAW
4564.jpg,M4tP
946.jpg,fKUq
2164.jpg,lxQ2
3768.jpg,xFEY
1140.jpg,fawz
1130.jpg,jWYe
1488.jpg,QCAd
4699.jpg,BPo5
424.jpg,CHjC
3549.jpg,puUc
2904.jpg,L6FB
339.jpg,08il
1672.jpg,BJqp
4877.jpg,P7sK
992.jpg,5Rnh
2584.jpg,qK5n
61.jpg,3741
355.jpg,lysu
4424.jpg,Ef9A
319.jpg,fu9u
4392.jpg,erTS
1706.jpg,b0dI
993.jpg,aJ6B
784.jpg,b8TD
819.jpg,vc9i
2122.jpg,sT8h
4044.jpg,xGBo
2296.jpg,aDnK
2288.jpg,bnVb
3942.jpg,Bluy
102.jpg,BmvY
2583.jpg,91fC
2715.jpg,MzV1
4774.jpg,CJBT
181.jpg,A2cZ
3180.jpg,d9XU
3497.jpg,UQER
4300.jpg,pFVs
1941.jpg,AAh6
240.jpg,Q6XE
3880.jpg,lcj2
519.jpg,BTtS
537.jpg,bUHo
1631.jpg,egFa
1063.jpg,BuSz
1518.jpg,vZSn
4396.jpg,EAK2
2757.jpg,w06y
1205.jpg,KtxU
1047.jpg,dv2f
1294.jpg,bTwV
3786.jpg,HOWB
954.jpg,MNVN
1733.jpg,kP8b
3742.jpg,26rH
1795.jpg,PRFs
4700.jpg,ajlB
1851.jpg,1shu
2529.jpg,dty0
4884.jpg,YeC2
157.jpg,rLwP
4994.jpg,BVY3
14.jpg,utZh
3687.jpg,IYWm
1771.jpg,H2vJ
1963.jpg,MWvb
2730.jpg,cIJ9
459.jpg,mMTO
4170.jpg,70pc
2670.jpg,Sp8o
1025.jpg,IqnJ
4261.jpg,Ytuh
251.jpg,eiOa
4236.jpg,FjkT
4982.jpg,4Gii
4701.jpg,7c47
2475.jpg,A94H
674.jpg,BT2v
2310.jpg,RgfP
2436.jpg,1rfD
1695.jpg,pqzp
384.jpg,b6ly
2507.jpg,CZB7
4168.jpg,aEyo
1685.jpg,7Tfe
2295.jpg,W0kf
4308.jpg,6ZNV
1090.jpg,gwjm
4702.jpg,RfDB
2371.jpg,35sy
3698.jpg,61Td
4163.jpg,eGyO
4538.jpg,Emes
618.jpg,i8l3
2753.jpg,D1rL
3515.jpg,bOey
4728.jpg,3sxr
3675.jpg,5VBh
3087.jpg,SkWR
1469.jpg,XYMQ
4288.jpg,KEDG
2792.jpg,3D7r
2361.jpg,hIwG
4946.jpg,kyJk
48.jpg,QRTy
4239.jpg,Dqww
2068.jpg,g1Tj
4147.jpg,5Ixk
3847.jpg,Jcz1
37.jpg,xqyh
3888.jpg,E2kM
1475.jpg,fJaJ
4914.jpg,dASI
2392.jpg,ZpFV
4148.jpg,FQLG
356.jpg,q9c3
1581.jpg,NdXl
2849.jpg,8LSw
888.jpg,Xtlc
1945.jpg,VMPR
1496.jpg,Qp4X
1281.jpg,cQJr
3355.jpg,wUij
1531.jpg,XHXH
4820.jpg,Kb0h
1416.jpg,CqJL
3574.jpg,Zsr4
1801.jpg,yo1j
266.jpg,2MN0
1910.jpg,D056
3876.jpg,6xdU
4865.jpg,MG4K
574.jpg,bZyP
2335.jpg,BuVb
1587.jpg,deOC
619.jpg,oF1X
1613.jpg,FdNp
217.jpg,hvcW
2121.jpg,Y9VI
795.jpg,nQN4
3301.jpg,WLkP
4065.jpg,h5tc
4578.jpg,OqQC
1386.jpg,PgTa
4643.jpg,y7uL
3417.jpg,SaiO
3226.jpg,6jLc
4481.jpg,TsCQ
3537.jpg,qdXF
4718.jpg,Ou82
2840.jpg,y9zc
3500.jpg,5dqW
2967.jpg,LK96
4874.jpg,Qh7h
929.jpg,TIuB
4712.jpg,M115
925.jpg,DEcn
60.jpg,DNlz
88.jpg,BwRN
2447.jpg,4Jic
2976.jpg,b9ho
4698.jpg,0hoE
3053.jpg,AoCv
1435.jpg,Izzm
2488.jpg,r2At
2183.jpg,k0jW
1134.jpg,PieC
4970.jpg,1ItT
2249.jpg,iSc6
4129.jpg,SuaL
3583.jpg,ab6k
3917.jpg,GOGy
3240.jpg,IbBX
196.jpg,NK7A
3780.jpg,Jfws
137.jpg,78XM
1604.jpg,7mjj
3872.jpg,BqCm
915.jpg,nkju
981.jpg,IYI9
712.jpg,3wDU
4001.jpg,oBCG
4112.jpg,0WtD
2156.jpg,hEtV
4936.jpg,ZD1J
1792.jpg,o3X7
2542.jpg,BIZQ
1646.jpg,io35
2579.jpg,1uug
3898.jpg,LKPN
1527.jpg,gAjz
42.jpg,Wg79
3627.jpg,dgHS
2139.jpg,50cS
1756.jpg,Wovx
82.jpg,miml
504.jpg,6y69
3402.jpg,jXfa
262.jpg,3osB
867.jpg,jaGM
994.jpg,8amS
3889.jpg,L1Ih
4250.jpg,MQs6
821.jpg,Zq9c
3243.jpg,CdD6
480.jpg,PeYL
4639.jpg,BQJI
3604.jpg,1s9P
920.jpg,zsEe
16.jpg,UHur
3278.jpg,tcae
1384.jpg,KvHW
3674.jpg,s5nx
4817.jpg,dLFz
4602.jpg,nIbf
1907.jpg,UKq4
296.jpg,5ViF
4918.jpg,jbFa
2712.jpg,qQra
3212.jpg,wRdI
4138.jpg,iXjd
928.jpg,oM5h
3121.jpg,AcYH
354.jpg,c6hc
1571.jpg,ZI5p
3191.jpg,7Thl
3472.jpg,6SnB
2625.jpg,WfXM
731.jpg,BoyE
4579.jpg,DpGc
1367.jpg,K4n5
2713.jpg,k517
2640.jpg,rzrf
4249.jpg,t6Lh
2749.jpg,oni6
76.jpg,Haef
350.jpg,RFS9
3502.jpg,QUtx
4237.jpg,7POm
4232.jpg,P9ty
1307.jpg,1kpw
4995.jpg,0sNr
3247.jpg,uXFn
2002.jpg,ZmTG
3458.jpg,hYnU
2919.jpg,UlRo
1009.jpg,FmOG
3299.jpg,oK4O
4592.jpg,rXmQ
3510.jpg,kI2J
4474.jpg,3Cgr
2067.jpg,yZr1
3164.jpg,Vl8c
4331.jpg,XC8K
1304.jpg,ALZV
4045.jpg,9hEi
530.jpg,0Kg0
3471.jpg,onFx
2390.jpg,YojK
1430.jpg,50b0
449.jpg,Q5aN
4731.jpg,RjtZ
3246.jpg,xKuT
4552.jpg,DysJ
179.jpg,OsNn
433.jpg,Z5BY
3148.jpg,9RYl
1188.jpg,7GOT
1809.jpg,YdAW
2397.jpg,RH29
2218.jpg,bZFL
3423.jpg,sh4f
1300.jpg,YEv9
1781.jpg,U8of
4854.jpg,iM2j
642.jpg,ZQhd
4752.jpg,w5X2
4302.jpg,wMDR
2982.jpg,7l6R
3976.jpg,qT07
2499.jpg,p2kb
1772.jpg,X7z4
597.jpg,iJEp
2588.jpg,5KcH
1579.jpg,6YNN
4812.jpg,QQ99
4655.jpg,kJk2
4105.jpg,AFBJ
627.jpg,ui4X
911.jpg,0q9d
1619.jpg,SVlg
1747.jpg,QEtN
4312.jpg,dAzs
2810.jpg,P2MP
707.jpg,tXGE
1278.jpg,nxeu
2340.jpg,jXOK
233.jpg,a9IZ
2820.jpg,08xv
3030.jpg,ZVVt
1932.jpg,UUft
4645.jpg,dssB
1493.jpg,2MgB
563.jpg,wfdp
3352.jpg,UW9p
923.jpg,e1c1
518.jpg,2moE
1980.jpg,pNuU
3018.jpg,aF9G
4341.jpg,aFY2
2033.jpg,OtaL
3758.jpg,9ovz
3765.jpg,mrp9
3253.jpg,DdEA
1612.jpg,zRCI
8.jpg,ekY4
766.jpg,Yz4n
760.jpg,dnSg
3312.jpg,kRJO
2496.jpg,bIYN
919.jpg,G1PE
2807.jpg,Q9Mz
538.jpg,Qwms
4254.jpg,2lfd
2997.jpg,6WvB
3058.jpg,wdJE
1952.jpg,IEJz
3392.jpg,yHpd
4064.jpg,DRaP
357.jpg,B3AC
4357.jpg,zG8L
52.jpg,W1YK
2072.jpg,NP0s
3023.jpg,zg6M
4819.jpg,mfsr
3464.jpg,1cwI
897.jpg,eMMg
2586.jpg,PojM
1634.jpg,jcgs
4737.jpg,wESK
1202.jpg,p1li
4666.jpg,hRyE
158.jpg,j6jl
2618.jpg,pyTE
3076.jpg,D7Qk
1074.jpg,Wmce
1425.jpg,LxJn
4109.jpg,xFsi
4450.jpg,AykI
4116.jpg,qGdW
1946.jpg,QaL7
3968.jpg,i9xx
1645.jpg,QCtk
4913.jpg,fmbH
3055.jpg,SUql
152.jpg,lsHx
3775.jpg,IbLQ
3094.jpg,8GuY
720.jpg,TU0Z
3720.jpg,CVl0
1399.jpg,cIpC
307.jpg,f1N5
1526.jpg,pXlO
4201.jpg,XGkO
4216.jpg,hZov
4074.jpg,C3j1
1204.jpg,ij8l
3929.jpg,RP8d
494.jpg,7by9
2654.jpg,woiC
3519.jpg,gZ4p
1362.jpg,YZ1C
3099.jpg,5Xyd
2141.jpg,vn6z
771.jpg,CO8P
231.jpg,21dy
1347.jpg,vgL5
1297.jpg,usCK
2502.jpg,9uYO
2783.jpg,fpsU
278.jpg,z0T7
4161.jpg,NEr0
276.jpg,kEKC
121.jpg,aRX7
4103.jpg,VGHh
3353.jpg,sqjS
3383.jpg,EFuP
189.jpg,OAfr
1499.jpg,35pa
2769.jpg,ELis
4856.jpg,GNa7
3534.jpg,wEzQ
4863.jpg,KLOH
1894.jpg,ZRpF
4948.jpg,IKTO
1086.jpg,mac0
1419.jpg,5Qtv
4244.jpg,J40W
1746.jpg,19cy
2778.jpg,CiS8
2571.jpg,32sy
3425.jpg,FfkK
852.jpg,tHRF
2714.jpg,VxnY
2739.jpg,qRtu
2306.jpg,D42B
4580.jpg,v6iS
990.jpg,k7oG
895.jpg,Y3qQ
326.jpg,XZvY
3109.jpg,Bchq
4240.jpg,C5Vr
4009.jpg,wdQY
4031.jpg,a7V7
165.jpg,sOaf
2022.jpg,BPE4
2151.jpg,dlXj
3439.jpg,OJ5f
4374.jpg,J0pv
1704.jpg,qMzO
4634.jpg,o2Aw
1233.jpg,MA8b
4301.jpg,Qwl4
228.jpg,Nwjk
3260.jpg,ODMY
4291.jpg,LnGb
1128.jpg,NYuE
3960.jpg,Cl6C
3796.jpg,hm6P
1762.jpg,nHWD
3433.jpg,27bY
2608.jpg,5Fke
2486.jpg,fxN1
2415.jpg,U5uE
2013.jpg,F1wh
730.jpg,z1GU
3723.jpg,kZCk
3340.jpg,MPvm
4442.jpg,vOHi
1060.jpg,Egvn
1509.jpg,RL25
846.jpg,Pzi1
4362.jpg,g2kP
3894.jpg,w8eT
4721.jpg,13EP
481.jpg,pSsB
1490.jpg,Y1sc
1327.jpg,hCv1
3625.jpg,4oPv
3882.jpg,aL6C
3520.jpg,eRl5
2427.jpg,DBq9
4080.jpg,px9W
2416.jpg,TMMu
918.jpg,7Ay3
3599.jpg,DBfj
694.jpg,YbO7
379.jpg,ZrkG
4096.jpg,awvX
511.jpg,sdbY
4047.jpg,KfSw
4504.jpg,qBuH
2719.jpg,pQCx
2254.jpg,qZED
717.jpg,fObe
4628.jpg,FiIM
521.jpg,wfaA
4449.jpg,JTbD
4003.jpg,fHLc
4114.jpg,Sf0D
394.jpg,VLyz
1176.jpg,1FaZ
3431.jpg,2gjI
4263.jpg,douI
2114.jpg,TqFk
3688.jpg,QOGU
1252.jpg,sRm1
3014.jpg,qWrN
4749.jpg,GenI
3671.jpg,8JkP
2117.jpg,T1p6
3467.jpg,3hCP
1472.jpg,ciGL
4871.jpg,WIXT
134.jpg,rUTq
4417.jpg,XI4g
2484.jpg,IQkn
668.jpg,34b8
703.jpg,eVHY
3651.jpg,nZvc
4246.jpg,ru0P
2802.jpg,wG28
2418.jpg,5W1a
3343.jpg,yjb0
2316.jpg,xfKP
4487.jpg,I8Zu
3958.jpg,EpSw
4691.jpg,6GQ0
927.jpg,Cqn5
1185.jpg,oXoT
3104.jpg,dfbq
1591.jpg,4nQx
778.jpg,C1jz
2888.jpg,HTYu
1917.jpg,v4Po
4802.jpg,UnMS
738.jpg,dJ9m
2309.jpg,QfFi
576.jpg,rSyz
1446.jpg,j67l
4933.jpg,mYWx
4264.jpg,U50K
1511.jpg,mUk6
2191.jpg,9DPL
91.jpg,v0we
2870.jpg,BtDh
256.jpg,xno9
2553.jpg,O9vN
3011.jpg,zTlA
1966.jpg,3yUJ
4669.jpg,EXwP
368.jpg,u78z
2677.jpg,flWf
2711.jpg,Jend
3971.jpg,kdPD
4124.jpg,zMhb
1310.jpg,FWTB
3817.jpg,Z8Nc
1824.jpg,CTy7
2235.jpg,5BOa
3715.jpg,oiNT
2872.jpg,XEer
1710.jpg,LIQ2
2992.jpg,XtIa
551.jpg,pKNU
3307.jpg,P52s
599.jpg,keoB
2936.jpg,OjM8
338.jpg,t37U
910.jpg,K4QL
1292.jpg,jIrY
2048.jpg,BeIA
4004.jpg,nADe
2160.jpg,GH8s
45.jpg,ww8T
509.jpg,RM8j
302.jpg,pMwa
4866.jpg,WYaZ
153.jpg,e4KN
1732.jpg,wZ7n
892.jpg,HR1m
3248.jpg,5ExT
3367.jpg,xy5U
2978.jpg,TGkb
2398.jpg,hjqH
2955.jpg,HMDv
4940.jpg,A1Ft
1124.jpg,sZ5E
3221.jpg,lt4c
4612.jpg,fv6I
2519.jpg,oo2n
2442.jpg,hyva
3379.jpg,4P1s
496.jpg,Sp21
1667.jpg,CaAJ
2639.jpg,lWTR
3057.jpg,whUq
816.jpg,oOoW
1316.jpg,n3PN
3956.jpg,9wOT
284.jpg,zyoW
3103.jpg,da82
1626.jpg,6E6x
1236.jpg,eAR7
1763.jpg,DcBI
2809.jpg,0h09
3638.jpg,4ISj
4968.jpg,hEzq
1161.jpg,9qef
4420.jpg,oYyU
1536.jpg,quMG
789.jpg,ZRzo
1483.jpg,yURV
834.jpg,JgPx
2182.jpg,9GbE
4386.jpg,KHUW
1848.jpg,BEp5
3110.jpg,sWfS
123.jpg,FOi1
1790.jpg,zQiT
255.jpg,hx4X
1208.jpg,NmZd
4835.jpg,Eu1Q
4432.jpg,30VG
3311.jpg,Nif8
3069.jpg,bjGz
4870.jpg,RYYj
2414.jpg,JzA1
4372.jpg,X2pW
3984.jpg,xScL
2300.jpg,1pNA
4460.jpg,w0BP
2779.jpg,wvx1
4782.jpg,fLco
180.jpg,bbO3
2628.jpg,ltN1
3771.jpg,3lYw
2723.jpg,L1FX
2012.jpg,pC2o
188.jpg,LsLs
1668.jpg,NB2Z
4181.jpg,HISy
502.jpg,3QVV
2827.jpg,lchm
1129.jpg,vCnH
4506.jpg,7n5i
29.jpg,jhVp
4985.jpg,R07E
4556.jpg,9Jtk
3618.jpg,FwsA
557.jpg,hqDl
4799.jpg,BGqV
3709.jpg,XxlW
3540.jpg,cdse
1931.jpg,lBd9
4679.jpg,0cDa
1648.jpg,9JMy
25.jpg,nFQc
2858.jpg,a8Tg
1993.jpg,A7UQ
4024.jpg,kqvt
3010.jpg,ZxwQ
4969.jpg,R21n
855.jpg,6cvx
452.jpg,izYl
1955.jpg,I2nJ
4061.jpg,81fT
3501.jpg,xXs7
698.jpg,Kj3J
2649.jpg,HsD5
2630.jpg,8IId
4693.jpg,aY3c
1681.jpg,oazo
1473.jpg,yvkW
2339.jpg,dCTD
3009.jpg,IQ46
4427.jpg,DEkx
3859.jpg,AsGk
4853.jpg,ovLx
66.jpg,y3H1
2694.jpg,gT2R
3989.jpg,EOXT
3349.jpg,Hzoy
4042.jpg,k4qb
4139.jpg,en0i
3015.jpg,YMxM
1366.jpg,gZZ6
1482.jpg,Bgaz
639.jpg,c1dI
2149.jpg,EZtb
1212.jpg,8Fv8
4842.jpg,IUHD
3139.jpg,dR1P
3056.jpg,eiMl
3100.jpg,5P4m
4441.jpg,qXg4
1018.jpg,n53i
2551.jpg,EN7O
1256.jpg,RTup
4825.jpg,Fjxx
1812.jpg,mmNW
874.jpg,Q34J
2641.jpg,BtLG
99.jpg,MY1A
322.jpg,pLeW
3084.jpg,X6uG
440.jpg,bqGs
3759.jpg,o6Db
1578.jpg,dC4A
2650.jpg,Htm3
4319.jpg,ZhIY
4403.jpg,FOz0
3089.jpg,V9yS
2855.jpg,IbBF
4827.jpg,837f
2255.jpg,T08o
3636.jpg,BjAj
1224.jpg,uZAU
2163.jpg,ke4Q
2824.jpg,MXV3
4651.jpg,gawB
492.jpg,WW8A
3988.jpg,Mmzj
2916.jpg,GFYA
2260.jpg,8xGE
3001.jpg,AshH
3158.jpg,9iJU
1770.jpg,sGki
18.jpg,TbrZ
1776.jpg,FvVd
1497.jpg,CA2U
1623.jpg,ysPI
2853.jpg,UJVY
3542.jpg,KN12
800.jpg,BntN
1248.jpg,eGid
2420.jpg,6pkC
1043.jpg,x8is
3451.jpg,mj0c
4664.jpg,8Y7B
1020.jpg,eogk
1108.jpg,yq8L
3514.jpg,MFj7
4661.jpg,bbZy
471.jpg,tpQa
499.jpg,e1zb
1937.jpg,cYiF
3345.jpg,FC6l
3347.jpg,9as0
4545.jpg,4Mn9
3518.jpg,Ix3O
837.jpg,tn34
3022.jpg,AWc1
2938.jpg,cRIP
3218.jpg,2JDe
2517.jpg,dMbE
192.jpg,AkK1
4734.jpg,8Pqv
411.jpg,lkiD
4927.jpg,L4hE
4998.jpg,gCQU
1420.jpg,vT8a
801.jpg,qZxk
4822.jpg,Df6c
4158.jpg,577q
396.jpg,JCXO
3558.jpg,B8ef
3481.jpg,RvLD
2676.jpg,va29
3035.jpg,egNU
4618.jpg,f9J2
554.jpg,XhBF
3044.jpg,8rl3
2248.jpg,nmuq
1344.jpg,qamd
604.jpg,3Fcx
4329.jpg,obsU
2831.jpg,ez3m
472.jpg,wl5W
4686.jpg,LY1z
938.jpg,ZZw7
3339.jpg,EWxI
2064.jpg,a7Ed
4920.jpg,R9Is
3808.jpg,Sbox
1539.jpg,BAfA
2533.jpg,iy36
1340.jpg,W7i2
238.jpg,S8m8
2474.jpg,T2VY
2500.jpg,3OwK
2037.jpg,Jiqn
2773.jpg,MDch
4742.jpg,zz1D
1214.jpg,boZF
4088.jpg,fbfA
286.jpg,W7u2
762.jpg,tYn0
2672.jpg,j9b2
2788.jpg,KWBg
3489.jpg,Dcru
3814.jpg,hW4y
4709.jpg,CzAy
4520.jpg,utbh
3119.jpg,ueyZ
4826.jpg,Dody
1449.jpg,9tTx
2217.jpg,gusq
425.jpg,FmjN
1575.jpg,ZFaY
4955.jpg,alNd
3803.jpg,waAV
187.jpg,adNn
3165.jpg,Jghf
21.jpg,rVYt
1947.jpg,nZPM
3418.jpg,8nKK
359.jpg,0P3C
2267.jpg,zezq
1175.jpg,4knz
3409.jpg,pS6I
623.jpg,rFxu
2186.jpg,lyl1
4010.jpg,9y3m
56.jpg,aWOb
2973.jpg,fhcj
700.jpg,rloL
1653.jpg,G1IK
3680.jpg,GNOo
1815.jpg,jQ6K
1415.jpg,K6Ub
1836.jpg,w6dY
301.jpg,dNNI
3598.jpg,75GU
3777.jpg,LXT8
212.jpg,TAeD
560.jpg,dBEA
4459.jpg,9kcW
2343.jpg,fmlW
2231.jpg,zFf7
4625.jpg,s2Ir
4793.jpg,xDwM
194.jpg,kGNV
633.jpg,OSAQ
293.jpg,PX8z
1008.jpg,QGNM
393.jpg,4dYS
4824.jpg,TV3C
2830.jpg,wnFo
578.jpg,rDM2
957.jpg,morE
3252.jpg,SR0S
1528.jpg,SScF
2094.jpg,5HIm
247.jpg,cYgv
2589.jpg,AyfU
2721.jpg,eKxh
1797.jpg,v0pf
3846.jpg,bWnJ
4607.jpg,rDPW
1532.jpg,Kd3B
279.jpg,NLnO
4107.jpg,qIiT
613.jpg,tLwh
3461.jpg,px2H
257.jpg,OaI4
3162.jpg,lLli
1082.jpg,gt1B
3543.jpg,pEHR
1057.jpg,rBGN
2562.jpg,aDte
2862.jpg,c4gY
2314.jpg,o8ry
2880.jpg,dVT1
4282.jpg,BGxc
2445.jpg,SQAh
679.jpg,y3dm
2081.jpg,QWnR
3293.jpg,Clyh
4151.jpg,yaqG
3897.jpg,gcN3
3083.jpg,ieaX
3179.jpg,GtoQ
3522.jpg,xyBL
2508.jpg,gzjF
34.jpg,Wnyh
1402.jpg,m8oX
879.jpg,LNzT
3862.jpg,Jrum
3124.jpg,DfZU
1272.jpg,GDsI
625.jpg,qbuR
2671.jpg,iHSy
3115.jpg,C8yc
773.jpg,NQOe
1999.jpg,PFQA
4051.jpg,r5dP
2329.jpg,qU73
1852.jpg,HgpT
1219.jpg,jtam
4732.jpg,s4P5
2315.jpg,SKtF
4484.jpg,M90O
1376.jpg,tHMX
3788.jpg,3VOn
2268.jpg,2qwW
4496.jpg,p45U
1352.jpg,0dc9
1739.jpg,NRCt
1500.jpg,zcfW
2520.jpg,Fcsu
996.jpg,dOBJ
3571.jpg,4NCK
272.jpg,oIQz
3724.jpg,xH3E
4378.jpg,0rN8
1350.jpg,dJNQ
4957.jpg,LxUm
2269.jpg,WugR
4248.jpg,irwu
2319.jpg,NJoE
2668.jpg,lNgk
686.jpg,wkvZ
2406.jpg,QRLd
3320.jpg,jxzz
4102.jpg,aOX0
3192.jpg,bbb1
4979.jpg,Tu19
1872.jpg,hw9R
1406.jpg,oxc8
1448.jpg,tSM6
1636.jpg,u3Tn
341.jpg,Ba3D
4928.jpg,rius
281.jpg,jjQ1
3952.jpg,gOD0
1576.jpg,KcpO
87.jpg,wuDS
934.jpg,mouf
3155.jpg,buW8
2065.jpg,8RME
4704.jpg,53iy
2380.jpg,R7yW
3744.jpg,bDCU
3600.jpg,GcYW
4183.jpg,94Rg
4033.jpg,AKXa
849.jpg,4p66
2913.jpg,kUww
1198.jpg,7uID
2572.jpg,9kU7
2595.jpg,dr2o
3344.jpg,jg0H
4412.jpg,7OT9
2610.jpg,qLNs
2833.jpg,iGUf
448.jpg,Qww9
2490.jpg,c0ft
1454.jpg,TmbY
2430.jpg,y39N
1656.jpg,LMAj
2321.jpg,RoXj
2404.jpg,BrtZ
4697.jpg,A9EY
62.jpg,BkEA
747.jpg,yJPH
161.jpg,I8pE
749.jpg,10dI
135.jpg,7oyr
487.jpg,B5kU
4443.jpg,mlq1
4070.jpg,yJZg
2943.jpg,z6sv
593.jpg,bFSy
654.jpg,dEi8
431.jpg,Wap1
3752.jpg,haWR
2925.jpg,ToMs
856.jpg,tLCR
312.jpg,PaSJ
4206.jpg,C12f
4284.jpg,0Tig
4035.jpg,lzhC
2111.jpg,KYC9
3839.jpg,3k3y
4473.jpg,YalD
4532.jpg,Aw4i
1637.jpg,Dipg
1989.jpg,bnuo
2889.jpg,j693
1280.jpg,Dgji
3120.jpg,5mpy
3829.jpg,cLJN
476.jpg,kWfe
43.jpg,inCn
4425.jpg,sdsK
4976.jpg,sPJC
4511.jpg,gZDu
1049.jpg,qEV1
1091.jpg,NcCV
1830.jpg,j9zf
4041.jpg,1ATm
3296.jpg,CTIx
2873.jpg,HTzx
3663.jpg,ieKT
2755.jpg,47HW
4435.jpg,Ihbo
543.jpg,BkXl
4133.jpg,Stuz
2180.jpg,ckCc
1268.jpg,u1hZ
280.jpg,oNd6
672.jpg,3HBp
380.jpg,G4uG
3098.jpg,TBuD
2394.jpg,pljM
4527.jpg,77Kc
4366.jpg,wydY
4633.jpg,6A1w
2981.jpg,O5xb
825.jpg,auKZ
4814.jpg,pgHV
1749.jpg,OGT8
1017.jpg,DM4r
4901.jpg,Rmew
130.jpg,xa4k
1363.jpg,GT7P
1375.jpg,cIq3
3682.jpg,aM8l
115.jpg,QXMD
2605.jpg,h9l6
3251.jpg,qq4T
4016.jpg,hx0N
886.jpg,kb4z
3932.jpg,vQBJ
477.jpg,FEdP
2581.jpg,IlAw
3624.jpg,W4as
2437.jpg,oYcR
3705.jpg,QUhO
1652.jpg,1Lsu
1006.jpg,20du
2468.jpg,RPpV
1960.jpg,SHSd
1484.jpg,DdjK
4597.jpg,WvMI
2015.jpg,plxH
46.jpg,uwe4
73.jpg,HAYg
4828.jpg,BqT6
263.jpg,EngY
4376.jpg,Qq5W
1444.jpg,K4Ys
3657.jpg,GJX4
2920.jpg,vldO
4953.jpg,Pw8s
1391.jpg,FvXK
2777.jpg,3BRM
1263.jpg,HmhH
4542.jpg,f26N
1768.jpg,r8It
3387.jpg,FTMh
1227.jpg,zo7d
2440.jpg,0k4Q
2221.jpg,spWY
3020.jpg,dFjc
1470.jpg,wMjj
4534.jpg,Mb8I
3081.jpg,hRJA
185.jpg,u5ts
2547.jpg,xvfe
2410.jpg,2zfw
2681.jpg,Y3yu
2263.jpg,Ivkk
808.jpg,jCFd
1284.jpg,ECQt
1574.jpg,cKq5
2911.jpg,A1Pq
4656.jpg,3gCG
1867.jpg,F13W
2188.jpg,zmQh
3893.jpg,6yfi
564.jpg,HezF
346.jpg,57Hd
3533.jpg,yu3u
1092.jpg,RYOm
589.jpg,xgZM
3926.jpg,38Pz
648.jpg,RmaN
681.jpg,16sb
15.jpg,DEnE
3261.jpg,PktT
912.jpg,1vEr
313.jpg,jjST
1520.jpg,FFEz
2673.jpg,1miS
2865.jpg,H9zz
1432.jpg,PZjv
4002.jpg,HFDv
2096.jpg,Paot
1696.jpg,9kvw
4801.jpg,V0VQ
3396.jpg,cNMN
4818.jpg,0a8n
5000.jpg,i169
1401.jpg,Mzms
190.jpg,z61p
3877.jpg,NGj3
2536.jpg,v3hR
3645.jpg,lQ0N
906.jpg,z0rO
4349.jpg,xCI5
3037.jpg,e3HH
949.jpg,xFn2
1065.jpg,amZO
2246.jpg,LVC7
2222.jpg,91xO
890.jpg,wHlP
1649.jpg,Aq58
2829.jpg,t6xE
3760.jpg,Za9G
3378.jpg,xlyO
3494.jpg,jkaQ
4807.jpg,b6vH
4850.jpg,8bX1
4383.jpg,biVR
4316.jpg,zb7a
3644.jpg,EwRi
3686.jpg,blcg
3516.jpg,KzN8
2986.jpg,yZxV
1722.jpg,dchA
3755.jpg,He8P
3732.jpg,5WYf
3681.jpg,w46N
847.jpg,5fVc
4882.jpg,pNVN
2223.jpg,wxbB
2541.jpg,kOe3
3381.jpg,O33Y
1474.jpg,Y7MJ
4055.jpg,T1GZ
952.jpg,vHCz
2696.jpg,d8in
2138.jpg,6hOW
4185.jpg,Jt6m
3107.jpg,j5hf
4429.jpg,A5v1
741.jpg,vHAj
3914.jpg,ne8M
3692.jpg,CThM
289.jpg,yTcJ
2602.jpg,Ab5a
3579.jpg,YlFe
1858.jpg,kYLa
630.jpg,0z2T
2368.jpg,gwys
1457.jpg,qZas
4193.jpg,9w8i
1596.jpg,6xvT
1669.jpg,KKTW
548.jpg,0uh2
3669.jpg,NT8b
3242.jpg,SDi9
517.jpg,6xGm
1632.jpg,GZMl
1311.jpg,1ywT
4145.jpg,Qq2s
4134.jpg,Z6aF
3745.jpg,LKfx
3778.jpg,UY0W
1394.jpg,NBlZ
1862.jpg,X4qU
728.jpg,024g
4275.jpg,wvLF
2036.jpg,xO6G
577.jpg,X83V
950.jpg,3FYC
794.jpg,b07e
4575.jpg,yay1
3250.jpg,ro9L
1702.jpg,dFFi
3370.jpg,icR0
1225.jpg,1AN7
2568.jpg,RmAM
2102.jpg,7DTi
2705.jpg,O6dc
671.jpg,WNZH
4294.jpg,LGAD
1916.jpg,cIp4
975.jpg,ZeIZ
1877.jpg,LesD
4681.jpg,9aYv
3130.jpg,n2dj
2080.jpg,eChp
4380.jpg,tyoT
4233.jpg,H1ek
4069.jpg,ykEV
2006.jpg,u4JG
1243.jpg,Cpe0
1312.jpg,FrRS
536.jpg,tMMP
3939.jpg,M3qJ
2857.jpg,DSBA
4052.jpg,Eh8b
3762.jpg,lJtm
2592.jpg,0a3y
2559.jpg,B99D
1550.jpg,friB
4152.jpg,iQO2
3834.jpg,RX6x
963.jpg,x2ct
2768.jpg,9sSN
2461.jpg,dwAV
2895.jpg,eFiM
4363.jpg,IS8U
1925.jpg,DFeN
1113.jpg,WvrZ
1563.jpg,r4y4
2356.jpg,MzHu
1502.jpg,eCPv
542.jpg,bQ4p
4975.jpg,0ygm
2232.jpg,0brA
4252.jpg,LnDd
4785.jpg,pAdZ
4857.jpg,H6fY
155.jpg,UuGp
1965.jpg,9pJN
4497.jpg,9NFe
4937.jpg,PXRx
3012.jpg,2A7m
584.jpg,LvTS
4123.jpg,IHL4
417.jpg,WXas
1001.jpg,whwJ
3746.jpg,2adt
3225.jpg,iKMC
3655.jpg,kJyP
4772.jpg,EJ99
3185.jpg,tPgF
3909.jpg,hWeQ
2806.jpg,SODo
3498.jpg,d7ui
2818.jpg,8yr0
4446.jpg,swSZ
1962.jpg,2wov
2765.jpg,yfy5
3201.jpg,1DL4
1364.jpg,JW2c
4501.jpg,ZgvA
2785.jpg,rnqp
4778.jpg,4fF5
1857.jpg,Mg0u
3695.jpg,bUZS
4760.jpg,cDHF
3899.jpg,Xuy9
4343.jpg,nTPb
4528.jpg,0en1
3749.jpg,A3mG
1889.jpg,v8rV
3446.jpg,CStk
1440.jpg,f9KE
184.jpg,ATIB
2704.jpg,KDbE
4935.jpg,mWKJ
3828.jpg,nt4d
1261.jpg,RvNu
4601.jpg,TJWr
547.jpg,eH8d
4855.jpg,djzq
4569.jpg,thwf
317.jpg,YRXO
665.jpg,p6QR
614.jpg,GRmm
4797.jpg,J3aA
1064.jpg,1JfQ
2129.jpg,zltr
44.jpg,lLCy
2977.jpg,CayC
4868.jpg,O6oZ
2293.jpg,8PsC
4507.jpg,nRqN
3470.jpg,mtSs
1412.jpg,3vjy
3468.jpg,V72P
4846.jpg,JJJs
1555.jpg,CVXX
571.jpg,iKiw
4179.jpg,k0Cm
3289.jpg,2Owp
3905.jpg,xNVw
877.jpg,IETJ
4665.jpg,8ktp
763.jpg,CTDd
2213.jpg,DMsU
3364.jpg,h0EP
2805.jpg,Xc6O
4610.jpg,6KYC
2573.jpg,RcJY
2229.jpg,DG62
430.jpg,y4vR
2443.jpg,w4K1
1766.jpg,1Pis
586.jpg,jsGv
65.jpg,6lMC
1177.jpg,E0kC
1820.jpg,foWQ
1548.jpg,Dtaj
3310.jpg,pfsT
2762.jpg,vHSn
737.jpg,g9P0
1875.jpg,BwbW
1477.jpg,z6xE
1807.jpg,hvjU
1051.jpg,yH8U
4951.jpg,uGAr
4938.jpg,D3OD
1516.jpg,uAQK
894.jpg,cbmJ
962.jpg,wKTD
4212.jpg,wok1
2346.jpg,MTVy
1969.jpg,ifss
4259.jpg,bEQT
1977.jpg,dSve
4931.jpg,8x76
2118.jpg,41rU
1556.jpg,sVV6
2604.jpg,XT7h
1938.jpg,k4kX
2661.jpg,DQy6
1080.jpg,I1dG
129.jpg,yOZ4
3848.jpg,a5N9
4670.jpg,oC14
3375.jpg,JgyX
1856.jpg,su87
3432.jpg,XFS9
4456.jpg,HJpm
1156.jpg,qy2M
108.jpg,n3Lb
4535.jpg,e6X7
2593.jpg,KrfH
4747.jpg,LE8M
736.jpg,QfnE
2405.jpg,3WD4
2637.jpg,VPQS
1022.jpg,6McR
1081.jpg,peO1
2864.jpg,HHec
603.jpg,0Tf8
1868.jpg,PrYI
1598.jpg,KgiE
4398.jpg,wFMN
2477.jpg,Wanx
4832.jpg,jFcB
2211.jpg,8b7k
602.jpg,geJL
2344.jpg,oQr2
945.jpg,FX2e
3492.jpg,iHCh
3653.jpg,iEKN
1338.jpg,ofJ0
2028.jpg,8qIh
2095.jpg,Mp0o
2901.jpg,sOs3
4318.jpg,A2nC
3805.jpg,ThGl
2766.jpg,DntO
1666.jpg,lxkJ
3890.jpg,xrQD
122.jpg,dh8Z
3136.jpg,DyvL
415.jpg,uULg
2798.jpg,f5PG
2501.jpg,Mjzb
1107.jpg,ACRO
3541.jpg,uoRJ
3555.jpg,8lIY
1328.jpg,BmIZ
1764.jpg,SAwJ
1883.jpg,yyy3
51.jpg,5ryV
2011.jpg,ph5R
2452.jpg,Lqje
2746.jpg,gpdG
1615.jpg,ZGIU
1443.jpg,1G6R
1249.jpg,2xDN
4675.jpg,DODS
3150.jpg,xlrK
4438.jpg,cVnc
3925.jpg,3S8m
3315.jpg,6T86
1584.jpg,ltFW
2859.jpg,ATZn
4106.jpg,JEQu
1019.jpg,sv24
4369.jpg,RQSe
631.jpg,6Ldh
1767.jpg,RXjv
3903.jpg,umzq
3204.jpg,GjcF
656.jpg,I9K1
386.jpg,gQds
1262.jpg,S6s1
3202.jpg,ZyYq
2478.jpg,GsGh
215.jpg,yHkO
2823.jpg,jIew
782.jpg,QfcW
4786.jpg,ZJhT
84.jpg,ydXH
3286.jpg,1OBR
4502.jpg,CFVO
3374.jpg,jAqn
4582.jpg,2nPW
3584.jpg,HU4E
4649.jpg,FJCz
3643.jpg,iSHb
2338.jpg,SCcb
4153.jpg,Xw15
2860.jpg,jVlh
2587.jpg,QLwc
2789.jpg,wp1T
3609.jpg,xFLB
1914.jpg,9MDi
419.jpg,x3OZ
2284.jpg,245P
809.jpg,n0kE
1661.jpg,OpC2
793.jpg,cZ3e
4641.jpg,3XS5
3174.jpg,ifqm
507.jpg,pDnw
3621.jpg,gdYz
2548.jpg,i9mJ
4225.jpg,SZDG
917.jpg,d56O
3449.jpg,2y8V
4325.jpg,vjGR
748.jpg,f6vZ
3245.jpg,TpwK
4647.jpg,dRaU
1850.jpg,4nts
2775.jpg,1y0U
1817.jpg,WbkC
1033.jpg,UwPR
592.jpg,2MDi
2842.jpg,0fi3
1380.jpg,isEY
930.jpg,JMiK
1655.jpg,FJor
3710.jpg,heka
3851.jpg,h6L6
4993.jpg,fgqq
1992.jpg,Incy
634.jpg,GyGY
1303.jpg,nMFf
4663.jpg,1rHw
2412.jpg,8qAP
1337.jpg,uS3M
2878.jpg,i1MN
1620.jpg,0Brr
3002.jpg,shWj
2245.jpg,Rykq
4788.jpg,cn8h
3831.jpg,uBLW
3736.jpg,qntu
4165.jpg,wuhw
2030.jpg,fHjq
2600.jpg,QEpm
2083.jpg,uDji
4662.jpg,20La
4215.jpg,4EAs
3860.jpg,MrRD
3704.jpg,DOnF
1530.jpg,JjH6
144.jpg,fLng
12.jpg,KlN6
3800.jpg,J4qz
1558.jpg,xW2R
567.jpg,FmXW
245.jpg,JHXP
2738.jpg,RQVz
3239.jpg,fTkl
3215.jpg,osVh
69.jpg,AY4V
1210.jpg,ESmn
2146.jpg,VOC8
4806.jpg,Fyl4
4733.jpg,mPC9
2702.jpg,gqXm
2383.jpg,Rxuy
3108.jpg,SFr2
485.jpg,GC3p
2689.jpg,WMCS
1296.jpg,9fLU
4214.jpg,JZVv
3795.jpg,BVMg
1083.jpg,p0iv
3186.jpg,F5Ts
2527.jpg,rvti
4796.jpg,AF9J
2511.jpg,Bw1f
4912.jpg,fPMZ
4813.jpg,YWeg
3754.jpg,vIo1
935.jpg,qb7U
3008.jpg,HyU4
1259.jpg,0Tx2
3794.jpg,fmZs
11.jpg,OPRp
4359.jpg,8IKQ
288.jpg,g5jE
1750.jpg,vG18
1890.jpg,wyGx
4019.jpg,W22K
3844.jpg,DvQl
1651.jpg,WKuB
3000.jpg,KXzt
4095.jpg,fAj6
4036.jpg,Or6D
2413.jpg,zDrE
1716.jpg,1Gbu
2708.jpg,p3Ct
4307.jpg,Zk1S
2471.jpg,T1FJ
2662.jpg,Xt0Y
4574.jpg,gUOU
1179.jpg,uTtV
1504.jpg,6bqu
3979.jpg,4b2g
3975.jpg,pLfZ
725.jpg,JL0C
1689.jpg,ZuuQ
1641.jpg,J6TV
822.jpg,fGCQ
2275.jpg,hOf0
803.jpg,BzUI
47.jpg,0pMr
3915.jpg,hoDI
1979.jpg,JEi0
372.jpg,ecG4
4014.jpg,tpVF
3961.jpg,0i4a
1321.jpg,dabN
2900.jpg,pWju
609.jpg,zcTj
2897.jpg,SC15
3712.jpg,UCPA
4736.jpg,L5jo
351.jpg,Cg9J
4238.jpg,0HrF
4758.jpg,rxRR
1692.jpg,Zbrk
2085.jpg,cvVq
223.jpg,flUC
53.jpg,yEMx
3517.jpg,IuC8
1680.jpg,2unG
3258.jpg,XWao
4286.jpg,XAny
1055.jpg,OIYu
4488.jpg,tXpb
2614.jpg,mJ3R
1854.jpg,ClMk
1888.jpg,ACaJ
1370.jpg,VEPq
4896.jpg,aElq
1537.jpg,G6Ww
1054.jpg,HT7P
3896.jpg,kow0
3175.jpg,8uHz
337.jpg,pTfT
1345.jpg,iul6
3052.jpg,npA1
4573.jpg,zijI
1464.jpg,IEe6
4351.jpg,NpVr
3257.jpg,FVU1
3134.jpg,a1rs
4433.jpg,6zbO
902.jpg,5BVa
4440.jpg,ovLj
1611.jpg,oWJX
1832.jpg,aylC
4886.jpg,rEiM
862.jpg,R15G
4735.jpg,WDox
2934.jpg,ios0
3999.jpg,Fj1F
3132.jpg,8Kfc
1023.jpg,68dH
173.jpg,C0Rm
3437.jpg,uTfS
4837.jpg,OFXP
3741.jpg,3Zeo
1382.jpg,77RR
1674.jpg,NzK2
3622.jpg,Ckfi
2664.jpg,J8cr
328.jpg,7r9F
1061.jpg,a6xJ
22.jpg,dPX9
4692.jpg,7XlL
3602.jpg,0BQC
2742.jpg,Z2or
1986.jpg,793e
220.jpg,BmZ3
116.jpg,nLnH
4075.jpg,NUKK
3717.jpg,CKZO
3509.jpg,Hiu4
2409.jpg,xyVK
3328.jpg,52gq
316.jpg,J4Cr
2528.jpg,qc7X
535.jpg,odw1
4415.jpg,SsD7
2845.jpg,D3Vc
361.jpg,N03Q
1318.jpg,qWGd
2763.jpg,5O1L
2185.jpg,M4LC
3575.jpg,PZZW
160.jpg,quui
275.jpg,neaT
3397.jpg,NP0S
2701.jpg,B4aq
3699.jpg,D3ve
54.jpg,DKmm
2940.jpg,iU6U
3790.jpg,SOXh
4266.jpg,MIxK
4890.jpg,MGNp
997.jpg,QX8H
4021.jpg,ocSe
3042.jpg,QdB0
1234.jpg,zxXe
1593.jpg,MSmb
3271.jpg,TFkG
1562.jpg,OZFW
570.jpg,0lqp
3256.jpg,aQut
200.jpg,hYTE
501.jpg,wJTM
98.jpg,VQhV
4962.jpg,qHf9
817.jpg,Sk39
4708.jpg,TgPO
3594.jpg,jTz6
1956.jpg,evvP
2168.jpg,r3mo
4306.jpg,7EOA
3852.jpg,cywa
4290.jpg,tGSt
1035.jpg,6Wqy
2479.jpg,3XBg
1972.jpg,bmWf
2786.jpg,3Jce
3673.jpg,YkRO
4330.jpg,Id9Z
4922.jpg,CBxE
3691.jpg,TW2y
1144.jpg,zArC
2424.jpg,c6wU
186.jpg,LkT8
248.jpg,OOOH
1422.jpg,BBqp
1783.jpg,2Gro
4726.jpg,Tcd5
4768.jpg,ScJS
4761.jpg,Tkuq
3443.jpg,Iron
2956.jpg,2wd7
1231.jpg,C7AK
41.jpg,LWBh
2238.jpg,uNhK
843.jpg,AXGx
4635.jpg,EbaU
4127.jpg,jbgz
2018.jpg,s4Lw
2885.jpg,7qXV
4084.jpg,ljvJ
2761.jpg,cVu7
237.jpg,2Bb7
3438.jpg,C79U
127.jpg,0Jdl
1714.jpg,CtXs
1356.jpg,taRK
1404.jpg,y4Sr
2100.jpg,C7NH
2480.jpg,SGOM
2965.jpg,J0q3
3505.jpg,XQOi
2041.jpg,PsTW
1629.jpg,E0PG
1489.jpg,CrEQ
4603.jpg,lqr3
2467.jpg,OZeP
1288.jpg,UIIR
2532.jpg,c3IT
1045.jpg,5vsV
1728.jpg,uNvB
1622.jpg,cnKY
3977.jpg,Qpmi
770.jpg,eAZk
2525.jpg,z33n
4243.jpg,aJ8j
2851.jpg,2BVX
2759.jpg,u6aN
1721.jpg,SdjY
4457.jpg,N84o
3664.jpg,WBlh
1320.jpg,kWfK
869.jpg,BkhS
4745.jpg,AzXV
3217.jpg,1rZe
637.jpg,sTld
23.jpg,E09m
932.jpg,br5F
1379.jpg,fGWY
3885.jpg,acZM
168.jpg,6znk
2972.jpg,ZUCp
3238.jpg,h7Yo
1101.jpg,jfBi
1560.jpg,yLbn
397.jpg,DE59
1403.jpg,UMVf
3923.jpg,CRXt
1505.jpg,Pw90
4899.jpg,rHXn
4919.jpg,TLF7
1066.jpg,yIcg
3774.jpg,XI7h
1172.jpg,ohi6
36.jpg,hUhM
4188.jpg,Fv0h
4410.jpg,pIwd
3634.jpg,Dtbn
1605.jpg,kBfU
1720.jpg,sDNF
3938.jpg,9v6A
3748.jpg,jHYm
156.jpg,tJHS
3455.jpg,dxz8
2244.jpg,b3P9
4280.jpg,H448
246.jpg,4RMb
1479.jpg,tpBX
4126.jpg,zzo7
2228.jpg,X4TM
1285.jpg,gDSK
4370.jpg,bJvR
4606.jpg,aoUv
3513.jpg,zY4g
3346.jpg,rZXQ
556.jpg,05YH
2126.jpg,9aDY
1015.jpg,WAkN
3306.jpg,aKKt
2308.jpg,9Dub
3901.jpg,1z5N
3193.jpg,YMHm
1120.jpg,S2mX
3916.jpg,DKp3
3766.jpg,Czzm
1468.jpg,Zyq2
2964.jpg,VNlF
1139.jpg,hlON
4314.jpg,c0DH
148.jpg,4aPj
940.jpg,SpK8
4094.jpg,IpZy
4101.jpg,9Ux7
2979.jpg,QdiN
1803.jpg,y938
1697.jpg,F4iz
1885.jpg,35LB
4875.jpg,k5S1
3384.jpg,mn0y
2422.jpg,fwTV
1223.jpg,5wTy
751.jpg,xaYc
3552.jpg,OO87
3329.jpg,33QX
1911.jpg,7SFz
2165.jpg,DMhv
2026.jpg,FfgY
3325.jpg,jmpS
458.jpg,8d88
2298.jpg,ArfA
3886.jpg,3zdJ
3424.jpg,sCeO
2863.jpg,CLfB
676.jpg,o8aa
3422.jpg,MsTf
1290.jpg,AhZS
3957.jpg,ajuz
4358.jpg,fmVJ
1734.jpg,9ntR
1707.jpg,OxJP
1723.jpg,5c0o
2277.jpg,D7Rz
2557.jpg,pl1Q
2868.jpg,z4KX
2097.jpg,BrRq
2196.jpg,Gru7
3972.jpg,hC1x
3144.jpg,YVtV
4821.jpg,P1SK
1737.jpg,AVgr
2832.jpg,TqQS
3603.jpg,RGSJ
3183.jpg,yBTL
1190.jpg,kaAN
3764.jpg,m85E
4987.jpg,hyhz
1843.jpg,w2d3
3567.jpg,YFyg
4864.jpg,Kmp1
4977.jpg,lkmL
1217.jpg,1gXQ
2181.jpg,ZVWk
4672.jpg,dteH
3570.jpg,zz5r
300.jpg,J2PV
1012.jpg,NP32
1405.jpg,64To
2815.jpg,S0UE
3869.jpg,A11S
575.jpg,Q4V6
958.jpg,0gVr
2047.jpg,T90z
2622.jpg,6yna
588.jpg,IHU5
1460.jpg,zGjz
374.jpg,CF0I
2108.jpg,wd8K
4609.jpg,bbI4
391.jpg,S2L9
1319.jpg,H4cP
860.jpg,1V3q
568.jpg,ZUae
1699.jpg,JTti
546.jpg,VQcw
1577.jpg,gl1B
4393.jpg,mRib
582.jpg,luSh
1864.jpg,qzh8
3406.jpg,sw3v
3462.jpg,gBRx
696.jpg,7On5
2540.jpg,KJwi
1038.jpg,rpyh
3792.jpg,OW4l
3696.jpg,MK8q
933.jpg,9Mbz
3262.jpg,G9kQ
2569.jpg,uqHA
1621.jpg,sgPZ
2472.jpg,ulO4
4169.jpg,PJJZ
3783.jpg,EClp
3357.jpg,wxAs
939.jpg,eFD9
1010.jpg,wkWo
4394.jpg,O5NN
4621.jpg,lbiy
92.jpg,l7q1
332.jpg,9VIU
3241.jpg,xdMC
4746.jpg,URw4
580.jpg,0djp
3016.jpg,S1Sx
488.jpg,Z5TA
1189.jpg,9zBV
3895.jpg,xBWP
3587.jpg,n7yL
1309.jpg,1J96
3551.jpg,hhY1
3420.jpg,BAZN
254.jpg,lOlA
2516.jpg,gDh7
3469.jpg,PxMu
3679.jpg,xtkI
2838.jpg,tgVz
4596.jpg,z3l8
1903.jpg,D7XY
2462.jpg,6d9M
2561.jpg,CFOG
3642.jpg,7lc2
3377.jpg,Lr2V
1580.jpg,SuJZ
3863.jpg,wGFs
4085.jpg,VowG
1466.jpg,dLy6
1759.jpg,uBhY
2317.jpg,GG1w
1786.jpg,aE98
3068.jpg,sBXV
4967.jpg,B93f
3660.jpg,7IzX
2861.jpg,k44J
1610.jpg,cCFj
4076.jpg,qcVE
1936.jpg,X0Lm
1034.jpg,K6yD
2591.jpg,uMPI
2616.jpg,iiHv
1070.jpg,EzGe
416.jpg,fP0D
4000.jpg,lLNy
2292.jpg,oBDy
909.jpg,aYlk
3474.jpg,dyaU
2767.jpg,j4IV
3998.jpg,QXva
1331.jpg,Hwgc
2839.jpg,FpoQ
960.jpg,5MVS
3623.jpg,Qrea
59.jpg,U1Cj
1919.jpg,4vSP
1157.jpg,hnVh
3088.jpg,FDfa
3146.jpg,q4wD
3581.jpg,YV7K
2537.jpg,UqM1
2088.jpg,RnjP
1804.jpg,nvEt
4467.jpg,0oHS
1711.jpg,Z7YS
2119.jpg,gU1t
1729.jpg,hKyU
689.jpg,p6JJ
3063.jpg,bnvq
1096.jpg,qQyC
1983.jpg,Wskz
4348.jpg,rrgr
4537.jpg,vF1k
439.jpg,sD0H
462.jpg,fRJG
2318.jpg,61BM
4887.jpg,4Qs8
2124.jpg,RQIn
3797.jpg,2cQg
3427.jpg,3rdl
3582.jpg,xbP6
1186.jpg,G9i1
1267.jpg,XFPY
683.jpg,jYyZ
1507.jpg,SD5Y
1893.jpg,WtqG
4006.jpg,555J
4753.jpg,XsT3
2219.jpg,frOt
4586.jpg,xw27
1853.jpg,mQPd
2274.jpg,t8B6
726.jpg,cNuN
2784.jpg,hnrY
4399.jpg,QM6I
3631.jpg,sZby
3207.jpg,Ee9x
638.jpg,NUSj
1630.jpg,Xhjg
388.jpg,LGcv
4512.jpg,jKUl
50.jpg,pBKf
4765.jpg,xgeT
2737.jpg,0kH1
4491.jpg,YUQW
2266.jpg,dgcA
4422.jpg,jEvE
4763.jpg,QfoG
1614.jpg,rwQI
2046.jpg,KTDQ
781.jpg,zNAs
3850.jpg,wt4W
2159.jpg,PEdk
4907.jpg,Gmiy
2722.jpg,ij3r
2971.jpg,bXi6
345.jpg,jNUJ
4677.jpg,Np3W
3990.jpg,baix
826.jpg,4wPk
1324.jpg,SfGJ
601.jpg,fdAX
4553.jpg,sBwI
4696.jpg,DM8J
2814.jpg,YV0H
810.jpg,FxFO
2793.jpg,zOUY
4600.jpg,AiHT
1834.jpg,7OUe
4020.jpg,ggzO
865.jpg,rCAZ
139.jpg,lAci
579.jpg,L8pB
1929.jpg,lWOY
583.jpg,uc9I
4923.jpg,l5Pn
3959.jpg,xeMS
3369.jpg,bU8s
783.jpg,QQk8
3199.jpg,Guwt
4110.jpg,QUeN
594.jpg,NwCp
898.jpg,5J1K
3244.jpg,p83t
1731.jpg,UTSZ
3495.jpg,euiF
647.jpg,muUF
3026.jpg,XwaD
907.jpg,nRgr
24.jpg,TUdT
3973.jpg,CLna
4683.jpg,HtI1
515.jpg,Zojx
1821.jpg,dMrA
534.jpg,Aubz
3077.jpg,WGhR
2469.jpg,Qz5L
1455.jpg,MEFB
4934.jpg,R7sf
4710.jpg,56kR
2544.jpg,Pumk
3536.jpg,nD71
1298.jpg,DCdu
1703.jpg,idpr
1897.jpg,dLQR
1705.jpg,ehf9
4565.jpg,CWq3
324.jpg,QVjN
777.jpg,4zF7
2970.jpg,5US9
759.jpg,uTRm
1230.jpg,CMwl
1595.jpg,MkZG
1628.jpg,6Ur9
4269.jpg,eM8t
2735.jpg,sgOU
3875.jpg,EnZv
2808.jpg,PJhT
3930.jpg,hAul
311.jpg,WFU7
4411.jpg,bWNL
2039.jpg,sGcs
978.jpg,7L2d
4205.jpg,FHTX
828.jpg,sqYM
71.jpg,QQRv
3703.jpg,pOPm
1780.jpg,h164
3488.jpg,fGm4
4941.jpg,kLZf
4089.jpg,vFbI
4277.jpg,sLbC
3841.jpg,7fqg
4644.jpg,YCDe
2227.jpg,odbr
3946.jpg,C5Mk
126.jpg,VENn
3962.jpg,fTsG
4242.jpg,lYb6
607.jpg,MNmq
2816.jpg,MQfO
4128.jpg,m4Yo
1557.jpg,VVyC
2435.jpg,Sn4a
1603.jpg,4sA6
4629.jpg,WUUd
2140.jpg,6hFR
2421.jpg,XdBM
329.jpg,m4QM
1904.jpg,Xjd6
3936.jpg,vyzq
4199.jpg,DCdV
4960.jpg,RNic
4851.jpg,3bWQ
1859.jpg,Vj5F
1005.jpg,fT4M
3335.jpg,0UjX
1445.jpg,Syd5
4057.jpg,0OSC
4929.jpg,l5Se
2732.jpg,YY7e
1413.jpg,FtyW
2177.jpg,Yt42
442.jpg,ghbx
2131.jpg,pBaK
2352.jpg,bOzJ
406.jpg,9goS
3059.jpg,ZFpn
83.jpg,RoFf
506.jpg,jPVp
776.jpg,dFXs
4187.jpg,CEWY
2658.jpg,3KWl
2330.jpg,6sHs
710.jpg,60w1
2127.jpg,KHii
4581.jpg,fqzT
2178.jpg,snQi
1170.jpg,qsYT
2791.jpg,z2vM
3812.jpg,sSLH
3725.jpg,to1M
3767.jpg,rAdo
4196.jpg,2f7X
859.jpg,B4RI
3711.jpg,gbOj
3526.jpg,NXtk
750.jpg,5YSo
1429.jpg,w4mM
1982.jpg,XsW5
2290.jpg,KdBo
4297.jpg,h3BZ
734.jpg,QM8Q
3288.jpg,tYQO
3503.jpg,LW03
3966.jpg,N6BH
3557.jpg,I3uh
4795.jpg,r7V3
366.jpg,6jyA
4869.jpg,Z0lu
4876.jpg,1lsV
2206.jpg,fyHK
885.jpg,EaVQ
292.jpg,Vig4
4626.jpg,JqhO
335.jpg,MRek
2326.jpg,kO47
3924.jpg,F01L
2379.jpg,hWGc
1678.jpg,CZ3y
2147.jpg,Np2c
1973.jpg,vD6n
4568.jpg,lvwu
2334.jpg,sDRw
2726.jpg,4VMi
1203.jpg,cvwR
4989.jpg,qBYm
2959.jpg,szcE
1228.jpg,uBYq
3138.jpg,GOMf
1635.jpg,Pl20
4060.jpg,muhn
998.jpg,9PnY
2931.jpg,ewA5
93.jpg,BUn6
2631.jpg,0ihQ
4413.jpg,r19H
1730.jpg,leFU
1395.jpg,Sw3F
2393.jpg,6Mj1
3330.jpg,G2N6
2599.jpg,Swu7
2070.jpg,bxib
4387.jpg,08ue
3980.jpg,sdNU
429.jpg,o5yV
4479.jpg,JfAx
2703.jpg,ZZWM
2090.jpg,x3t4
39.jpg,D2Jn
2209.jpg,rBsa
3404.jpg,fxOd
4192.jpg,znWp
112.jpg,Ih5Z
931.jpg,qJYK
1235.jpg,djYW
3126.jpg,0FO1
2042.jpg,dJcg
4620.jpg,fTiQ
3983.jpg,0kwm
94.jpg,lRqT
2264.jpg,ZA3C
2669.jpg,78pR
4090.jpg,n4tx
1361.jpg,Fbm2
1071.jpg,n0sq
2004.jpg,ni2L
2914.jpg,g32Z
1103.jpg,9iS0
1171.jpg,lM7I
1471.jpg,1MAJ
294.jpg,0YEM
1042.jpg,UfUw
4289.jpg,Cu1m
1597.jpg,6Vm7
687.jpg,4YJZ
2494.jpg,lKtb
218.jpg,KaQk
1098.jpg,F1cc
2027.jpg,FhYs
1371.jpg,zGpH
815.jpg,lYzo
2192.jpg,P1SA
1961.jpg,DiuK
4630.jpg,zhPN
4720.jpg,ly7r
4755.jpg,waQ0
4470.jpg,8Pyg
758.jpg,9pB7
4027.jpg,UpcK
4646.jpg,cGYb
4555.jpg,QqeK
953.jpg,xcjL
740.jpg,6CnY
1002.jpg,n6jF
1088.jpg,YiXL
4350.jpg,ktEh
2271.jpg,FTtP
3231.jpg,yjg2
2751.jpg,QRBy
1778.jpg,wFTH
1586.jpg,JrAz
2686.jpg,VrZo
4334.jpg,uzSl
4803.jpg,kVq2
3635.jpg,c9On
3658.jpg,SYNh
4980.jpg,soJi
785.jpg,tUaV
3787.jpg,70Gy
3298.jpg,zt19
4510.jpg,92UE
4836.jpg,sk0q
3047.jpg,flrd
1816.jpg,BOh9
2363.jpg,p5Jb
401.jpg,2LMg
30.jpg,1JGC
3095.jpg,kTrK
2665.jpg,f26D
1274.jpg,uUfK
478.jpg,w8Wp
4208.jpg,y9v5
3027.jpg,w5jV
2325.jpg,EGLs
3359.jpg,pEfF
2653.jpg,xFIp
3412.jpg,dBkz
1026.jpg,SjO5
3857.jpg,u6HT
55.jpg,Htrz
650.jpg,NFGR
167.jpg,88f2
409.jpg,CkKz
977.jpg,zv9t
818.jpg,lPQg
1549.jpg,quls
1935.jpg,HDsc
2491.jpg,lLij
1136.jpg,mbRx
3326.jpg,3ERN
4789.jpg,ub4m
2258.jpg,1W9K
2043.jpg,7wnF
757.jpg,48Cc
4336.jpg,cZxy
2646.jpg,usoN
4739.jpg,48WS
2796.jpg,I69r
2924.jpg,MF7f
455.jpg,PqPg
4845.jpg,yIjA
581.jpg,UYr4
4439.jpg,EBj6
4588.jpg,ewfb
4310.jpg,K1pJ
2052.jpg,FDWY
3629.jpg,pSo6
2053.jpg,i8R3
3465.jpg,H4i0
4174.jpg,aEiO
3967.jpg,9onY
2843.jpg,zMJC
3411.jpg,EJWs
3597.jpg,yXk2
463.jpg,3J50
3394.jpg,Yw6U
97.jpg,D0hV
4589.jpg,uDsx
2869.jpg,BULd
4086.jpg,cbEg
1805.jpg,wAZo
4636.jpg,EGNV
4332.jpg,WXEX
3731.jpg,BqDL
2760.jpg,Rdgg
4354.jpg,Eogy
3878.jpg,U0LB
2629.jpg,OzoB
1342.jpg,Gzqr
1046.jpg,psoQ
2347.jpg,mOvM
4154.jpg,u4zT
1660.jpg,fCnR
605.jpg,UQUt
3504.jpg,3mGR
150.jpg,mx6V
1618.jpg,mjo2
1174.jpg,3dwQ
4007.jpg,tQo7
1123.jpg,eoYP
1845.jpg,m1Qn
2025.jpg,eFNg
3341.jpg,MPfY
2450.jpg,cJpE
4276.jpg,McQh
565.jpg,AKUp
3129.jpg,Hv3f
1343.jpg,UNwR
404.jpg,uoch
1492.jpg,q1OK
804.jpg,J7uB
1226.jpg,4pld
1638.jpg,L9Hc
4905.jpg,va7O
552.jpg,mfuB
2130.jpg,UBob
562.jpg,9RxA
3757.jpg,FRqC
3965.jpg,BJug
9.jpg,Q0JI
4706.jpg,07eH
4267.jpg,5ts5
3978.jpg,olQU
4092.jpg,7AH3
1276.jpg,y1sF
2539.jpg,tZE7
3928.jpg,r2rC
626.jpg,oXuU
2556.jpg,7Lkf
3080.jpg,dVZp
4178.jpg,UN37
678.jpg,5yzC
2408.jpg,abg4
768.jpg,0bqk
3996.jpg,7d4D
3463.jpg,HW2H
4241.jpg,HtsI
1213.jpg,ssRg
209.jpg,Pyw8
2879.jpg,6QeB
3874.jpg,Eakc
3610.jpg,ZSQi
4043.jpg,F9OF
3382.jpg,7ex1
1163.jpg,80Yz
513.jpg,Qi47
3707.jpg,WD7M
1743.jpg,fRFC
1374.jpg,Kc62
3430.jpg,UfE4
3309.jpg,3xhP
2585.jpg,9hjw
1512.jpg,JvKg
2169.jpg,mGFn
669.jpg,kOhV
4583.jpg,lpQ6
2276.jpg,mvCg
4570.jpg,jkDK
699.jpg,avq3
1421.jpg,kvFM
4525.jpg,WEM6
2087.jpg,L5Hp
183.jpg,SBsE
198.jpg,k6r7
4131.jpg,Nv5N
427.jpg,lPgA
4322.jpg,8teH
3902.jpg,iG6Q
887.jpg,4E8P
2747.jpg,QEDL
2692.jpg,z3Zh
1921.jpg,VP8b
1985.jpg,JyLX
4142.jpg,0WVs
3593.jpg,NwkV
1567.jpg,8brK
277.jpg,xwXg
1757.jpg,VZxW
4444.jpg,GlC0
4143.jpg,C5Vq
1436.jpg,XkxJ
851.jpg,ouvw
2417.jpg,PStj
474.jpg,LqVg
4298.jpg,Iseb
1121.jpg,dE8T
4204.jpg,ll2s
1742.jpg,HAsM
1409.jpg,UPnY
705.jpg,g6q7
1950.jpg,sRlE
3612.jpg,ZPfY
4794.jpg,o3ny
4389.jpg,zhJ3
903.jpg,Ouei
1358.jpg,UU3m
3376.jpg,PrXD
475.jpg,qYQq
2388.jpg,OlsY
4916.jpg,ZkJo
3092.jpg,2zOv
4722.jpg,hZXO
4631.jpg,rJVw
242.jpg,gbDD
1164.jpg,0eBQ
941.jpg,1Po6
4231.jpg,paZt
649.jpg,7KOp
3729.jpg,gF95
3560.jpg,1dm0
3358.jpg,GOsp
1522.jpg,7H3F
3275.jpg,gmIq
1881.jpg,BZ1c
4434.jpg,FhC8
1437.jpg,n4EM
3371.jpg,UMY3
2748.jpg,nfRE
3105.jpg,eZTu
761.jpg,J08l
4489.jpg,qqgy
3313.jpg,GQD7
482.jpg,DhP8
3944.jpg,Yf3Y
873.jpg,eeYF
3249.jpg,kbUJ
979.jpg,MxpI
3354.jpg,AEVn
325.jpg,eVTO
2433.jpg,W2x8
2729.jpg,CorI
4391.jpg,e8g8
732.jpg,qoqn
824.jpg,GQEq
1654.jpg,G9Hd
1240.jpg,ypHz
4571.jpg,cJQl
3606.jpg,Uh39
3128.jpg,ji7E
889.jpg,UrBb
1463.jpg,a1Oa
765.jpg,n0oZ
624.jpg,fCZu
1014.jpg,ZhFK
3314.jpg,6iod
3963.jpg,WAVv
3160.jpg,7paN
4547.jpg,XVod
4966.jpg,wOWN
4652.jpg,Vj6s
1392.jpg,FEsH
684.jpg,hO3E
1377.jpg,qRYV
2942.jpg,WGt1
3050.jpg,ZWkR
3078.jpg,izTa
3562.jpg,kG5O
4125.jpg,z4tA
3738.jpg,I0ps
2565.jpg,Hwu5
666.jpg,OlzG
4949.jpg,jPBT
4816.jpg,ZG6G
2128.jpg,jDnW
3667.jpg,z4G9
1902.jpg,hezu
387.jpg,vqrk
2001.jpg,ygWS
3272.jpg,GTtD
4175.jpg,KXWO
1031.jpg,KVP8
4171.jpg,kVZX
3303.jpg,mZk9
363.jpg,hwjw
1978.jpg,Vnul
3654.jpg,mzsI
3668.jpg,OjHa
520.jpg,am76
4958.jpg,lofg
2905.jpg,ezEB
4140.jpg,qYsG
1690.jpg,MJIt
3318.jpg,CEY8
3690.jpg,3SRc
1753.jpg,1XMo
532.jpg,roUF
3982.jpg,A3pO
381.jpg,o642
718.jpg,MkJ3
1923.jpg,ykM1
4961.jpg,SKkD
253.jpg,X29g
4404.jpg,LmKf
3213.jpg,Pdwy
3233.jpg,Kyqn
1741.jpg,1qVw
3649.jpg,aVzf
1920.jpg,0vHg
40.jpg,dHUl
86.jpg,TFHr
80.jpg,4NzA
4811.jpg,8ZHV
2201.jpg,Upr2
2580.jpg,I8fQ
111.jpg,6axA
1958.jpg,CLL4
1833.jpg,NolV
3630.jpg,tJpG
727.jpg,IzzV
2927.jpg,hzlc
2256.jpg,JZR5
2270.jpg,qKpV
2035.jpg,vGlV
2893.jpg,aFhg
2906.jpg,JN7R
4741.jpg,hslD
1944.jpg,U1dK
3235.jpg,D556
2800.jpg,yZ6B
4748.jpg,qlEU
1928.jpg,vPwH
1024.jpg,1VjA
3981.jpg,vATg
225.jpg,1ZR3
3740.jpg,l57m
1828.jpg,Tn8D
922.jpg,ZZ8W
3421.jpg,bryy
1912.jpg,qm6V
3391.jpg,mKNv
526.jpg,oSrA
4549.jpg,k8hQ
4416.jpg,VVvv
1254.jpg,vpIp
3255.jpg,8q2j
1253.jpg,vD4A
844.jpg,bmXI
1075.jpg,CzaB
4561.jpg,m2HT
1242.jpg,dIYY
244.jpg,JoLm
4177.jpg,wQu5
4166.jpg,1ZOd
3870.jpg,Ydck
972.jpg,PJNl
3490.jpg,sI7W
4622.jpg,GWgs
845.jpg,G7Kh
3843.jpg,qZKK
2510.jpg,wX5e
4717.jpg,xRkA
1542.jpg,eO0l
1336.jpg,YaZQ
505.jpg,JRvh
466.jpg,6R0n
2376.jpg,zPzu
3572.jpg,9fkg
4469.jpg,FVPs
4638.jpg,LpQD
1814.jpg,eqPQ
3855.jpg,ctcI
704.jpg,5ooN
2202.jpg,mIQy
1431.jpg,aMig
820.jpg,WrND
1662.jpg,z9f2
1160.jpg,hxNd
3268.jpg,fb4n
4256.jpg,yf7t
620.jpg,NeUf
1155.jpg,ZRrn
1173.jpg,ATpI
4323.jpg,WAJp
4546.jpg,Mrna
1295.jpg,FIGw
4654.jpg,0CZ1
3900.jpg,zOTm
2226.jpg,qe7u
1865.jpg,jPWr
896.jpg,MX6g
3480.jpg,xfZp
774.jpg,oxPa
4725.jpg,3p0O
901.jpg,OvjY
1970.jpg,3jhL
2425.jpg,y5fS
878.jpg,7hy8
252.jpg,JOY8
3133.jpg,24B1
1112.jpg,3JfU
1193.jpg,jbDT
3779.jpg,Amxw
4676.jpg,EtSW
1589.jpg,dht3
4191.jpg,bUDH
4823.jpg,msQ4
2054.jpg,PhSb
3613.jpg,sEkP
3029.jpg,Kblu
4384.jpg,vlGo
3647.jpg,rqIh
3395.jpg,itgR
105.jpg,cTml
1221.jpg,L1LB
4904.jpg,jRBv
2386.jpg,EsHv
1847.jpg,aRX9
2531.jpg,sUiV
3453.jpg,kn6K
1450.jpg,Zo82
2216.jpg,R1vV
2682.jpg,zVp8
4924.jpg,oqxN
4155.jpg,MwoI
2752.jpg,Syqq
1246.jpg,T9jV
3429.jpg,0Hnl
1701.jpg,UPGp
2660.jpg,Ykka
2391.jpg,O3dn
1269.jpg,IgIl
4067.jpg,bu6Q
629.jpg,2KQY
107.jpg,8d5S
735.jpg,Mg4e
2278.jpg,Jglo
2082.jpg,5WQm
4283.jpg,y2a3
1930.jpg,Ez5j
17.jpg,WZw2
3801.jpg,5V2m
4915.jpg,Hcvk
970.jpg,TLYl
382.jpg,MCT8
461.jpg,UxUS
2426.jpg,W9is
2482.jpg,7LPk
2674.jpg,u3qJ
4367.jpg,8mli
595.jpg,nIR3
1765.jpg,ysqR
3791.jpg,rUCO
796.jpg,J8hj
1535.jpg,hQ6Y
4576.jpg,l3O4
1418.jpg,pb0f
4891.jpg,7qGk
3532.jpg,3NCv
2958.jpg,irFy
295.jpg,JFmu
3550.jpg,yUUe
1389.jpg,3TSJ
2320.jpg,xKFQ
617.jpg,HFe2
2772.jpg,y4dF
753.jpg,35y2
3701.jpg,emBp
4999.jpg,S0Kk
3913.jpg,6tTw
830.jpg,KWku
4144.jpg,h3nk
3111.jpg,nZ8d
1796.jpg,70Hn
4551.jpg,Oi98
1886.jpg,MbNS
4716.jpg,wr8R
2174.jpg,3TBr
106.jpg,N6HE
4719.jpg,n1M8
3145.jpg,JIA0
2032.jpg,qElX
3672.jpg,1EIy
3911.jpg,LnNa
2345.jpg,0OkI
4382.jpg,yXKd
4082.jpg,PUzu
3563.jpg,2lXn
1838.jpg,ODWu
1334.jpg,dKTS
1698.jpg,Ys9d
2666.jpg,7a28
4053.jpg,B67m
514.jpg,hvWK
1167.jpg,Xsu0
3006.jpg,4NNU
2969.jpg,QlbN
1627.jpg,OIry
4608.jpg,WIjd
1735.jpg,DH3J
4117.jpg,TNms
1000.jpg,hFSU
473.jpg,DNNI
4974.jpg,xccd
2291.jpg,89l2
4381.jpg,wzYa
3995.jpg,E7dn
3072.jpg,iQtk
1987.jpg,kQlf
4200.jpg,QBwT
2101.jpg,t5Og
2896.jpg,74JI
1335.jpg,P6N7
2907.jpg,nqio
4787.jpg,b9i6
2008.jpg,auLO
4097.jpg,MLYu
2836.jpg,kXJd
1592.jpg,FD8Z
3907.jpg,LDcU
841.jpg,fZHX
3734.jpg,6sXl
971.jpg,Ga6M
3152.jpg,hPdj
616.jpg,SNfp
4668.jpg,T8Af
1486.jpg,QdrE
1782.jpg,3HUu
1148.jpg,THPt
2513.jpg,fhcs
3414.jpg,ZWG5
2554.jpg,jO9A
4447.jpg,fVdc
4558.jpg,PAnn
4810.jpg,zbZm
2387.jpg,SpAW
2005.jpg,5f0v
891.jpg,bHon
1159.jpg,ADCE
64.jpg,9Y2g
4364.jpg,tja5
716.jpg,uTzO
414.jpg,sGAB
4077.jpg,sUXI
900.jpg,HxSK
2667.jpg,0SzJ
1181.jpg,Ueft
1552.jpg,dOmL
367.jpg,SMTM
479.jpg,drgh
3747.jpg,6I5W
3040.jpg,ALt2
2167.jpg,YmQB
4226.jpg,91Z1
3454.jpg,Lmej
159.jpg,KMV8
2301.jpg,C7NZ
4724.jpg,HidL
1400.jpg,MkzH
344.jpg,QwDb
719.jpg,JBv3
2059.jpg,uifH
3589.jpg,F6JJ
299.jpg,3aFT
4926.jpg,hiqp
4149.jpg,hHCX
1199.jpg,65w3
4650.jpg,8VFO
2166.jpg,V0vQ
4829.jpg,HQDM
2375.jpg,nk5Y
3499.jpg,jYOi
4805.jpg,x2a2
3569.jpg,mv8B
2077.jpg,VDAr
2575.jpg,PzbI
4365.jpg,LFIW
3948.jpg,LT6t
4690.jpg,9qqI
1825.jpg,N8ln
3348.jpg,dr5I
3487.jpg,qHRN
3826.jpg,zJRv
1299.jpg,Kfo3
1540.jpg,CNmI
2283.jpg,3LlR
4346.jpg,8nRT
140.jpg,4lbY
4059.jpg,UBmj
3854.jpg,XCfY
4773.jpg,SYuR
3949.jpg,FPbR
4766.jpg,aFJL
805.jpg,7tun
2250.jpg,Wdtc
2154.jpg,7qwc
128.jpg,B26o
486.jpg,qxs6
1602.jpg,qfBC
4373.jpg,MEFW
2282.jpg,im91
2304.jpg,ZHzV
110.jpg,GPJm
383.jpg,5qlu
832.jpg,A2Qh
3041.jpg,EyG1
2017.jpg,v3o1
4180.jpg,eBzn
2848.jpg,e2rz
685.jpg,xv8L
636.jpg,3Jnm
1793.jpg,QwoI
1849.jpg,xZBg
3811.jpg,hhd7
1924.jpg,hZmf
2061.jpg,8r8J
2381.jpg,fMhZ
2727.jpg,YO9H
428.jpg,Pb0I
870.jpg,vS4P
4554.jpg,Nulv
1050.jpg,te61
4653.jpg,o02I
1625.jpg,zzi8
1305.jpg,6VT0
4157.jpg,X6Pv
811.jpg,8DrA
814.jpg,y8G2
4135.jpg,3HJG
435.jpg,UTOr
4005.jpg,llNo
964.jpg,kxS7
2534.jpg,KW57
19.jpg,dSyJ
3727.jpg,msOE
857.jpg,8iZR
3822.jpg,WFGg
3466.jpg,UjgA
1434.jpg,1wvd
4468.jpg,Ia5p
2811.jpg,y6WK
3327.jpg,p2vI
3683.jpg,6ENq
4136.jpg,Hnnq
2899.jpg,1phs
1808.jpg,R5kx
969.jpg,wqui
786.jpg,Dk0d
1971.jpg,er7H
2225.jpg,3xAq
4533.jpg,o6aX
3426.jpg,SjcR
2281.jpg,lSbD
2883.jpg,cteD
1078.jpg,UQYj
4723.jpg,lxTv
3064.jpg,O4Ff
974.jpg,9N6D
956.jpg,Re08
2243.jpg,SxJD
1760.jpg,r0IW
3648.jpg,NTfw
1241.jpg,Y7CT
2675.jpg,GPJW
1048.jpg,MwTI
2021.jpg,GLrG
2710.jpg,WY5l
4463.jpg,hDXb
6.jpg,zAhH
4519.jpg,D4xU
1892.jpg,KApb
3065.jpg,37B6
3403.jpg,AdKO
1117.jpg,uSQk
2200.jpg,Fhmg
2787.jpg,efZX
469.jpg,SUND
4296.jpg,kFsD
4730.jpg,T48Z
1773.jpg,u5b7
3156.jpg,NsMD
1467.jpg,pqYl
3368.jpg,ep3o
3223.jpg,zDEC
2337.jpg,Qtih
4356.jpg,tAHj
2690.jpg,yTeU
33.jpg,wpKF
4295.jpg,pjn3
883.jpg,ZTM9
1087.jpg,FQQk
365.jpg,mi34
2378.jpg,OAh9
3815.jpg,uI8a
4889.jpg,Te9M
1624.jpg,B3pU
2598.jpg,VBIF
1178.jpg,VOJ2
4950.jpg,1FXE
378.jpg,4ltB
1093.jpg,cJDj
3539.jpg,bd5D
4235.jpg,fc0X
3159.jpg,0tAU
798.jpg,n0IY
4541.jpg,9tjO
2985.jpg,8CrJ
2797.jpg,Jc6J
375.jpg,GMXH
3813.jpg,vHml
3553.jpg,l5fA
2728.jpg,bq4k
4431.jpg,7lYS
1981.jpg,4Dph
4478.jpg,DxBN
4448.jpg,7psu
628.jpg,tZZW
3662.jpg,2rlz
1683.jpg,w4iA
2720.jpg,MU42
3024.jpg,YyoO
876.jpg,K5lO
500.jpg,1krs
1745.jpg,qlXA
4540.jpg,HHNr
4472.jpg,pmP1
2429.jpg,efZ6
3117.jpg,vzXi
4285.jpg,xxBR
2898.jpg,Q8n2
523.jpg,XWx3
2648.jpg,v58W
2745.jpg,vOD4
1372.jpg,Fdhy
4419.jpg,C1u1
840.jpg,x0Ud
813.jpg,iInY
4503.jpg,hpGH
4637.jpg,W1pn
775.jpg,CYJQ
596.jpg,UCFA
1913.jpg,mvsm
3210.jpg,C3JF
117.jpg,tnXd
2193.jpg,h6st
4258.jpg,HVkK
1588.jpg,DLG2
1373.jpg,wO39
1758.jpg,MDSB
2466.jpg,AEY7
2512.jpg,YrhY
3170.jpg,FjyN
4996.jpg,x1ni
3229.jpg,552a
1333.jpg,4VBx
423.jpg,MZPi
2153.jpg,5TXN
4130.jpg,RRCI
2994.jpg,shFu
201.jpg,gHJf
3211.jpg,GEc4
2463.jpg,Bezw
1951.jpg,tFYe
3230.jpg,DA3Z
2115.jpg,QkKQ
2428.jpg,YA3W
1354.jpg,NyTs
4983.jpg,nVdz
3319.jpg,AMQV
234.jpg,RtAJ
3910.jpg,aCuE
3038.jpg,YjOb
4515.jpg,DHH4
829.jpg,xwvR
1077.jpg,bcBb
2567.jpg,ILT7
1329.jpg,e4Gq
1918.jpg,5YsC
68.jpg,LhIy
3101.jpg,aKTM
1053.jpg,lsYW
2498.jpg,GrCP
3061.jpg,alyB
3865.jpg,fgDQ
3992.jpg,Aq2l
4517.jpg,uLPP
1105.jpg,e4Fm
3280.jpg,L1Cz
2234.jpg,6shl
4428.jpg,Iv2B
3940.jpg,2V7P
443.jpg,4FRO
742.jpg,sDnt
4539.jpg,HWIR
1700.jpg,n6BF
27.jpg,1Ars
2287.jpg,0CdH
3493.jpg,Wx07
4361.jpg,j6q5
1244.jpg,wmSx
2877.jpg,ArcY
4253.jpg,6aZy
866.jpg,dlk6
5.jpg,xPrE
3531.jpg,bwOv
3825.jpg,KJs0
4867.jpg,LDsd
2336.jpg,jlKG
285.jpg,qqZq
2173.jpg,LeYC
2473.jpg,K1MB
4705.jpg,09Yu
81.jpg,Gtyq
1840.jpg,dkvl
3216.jpg,8h39
2522.jpg,NuLi
4562.jpg,mOkv
4740.jpg,Gcx1
3209.jpg,tFGU
3385.jpg,e863
1617.jpg,Rgy1
2825.jpg,dKJC
2546.jpg,X7ez
4198.jpg,XYUi
2638.jpg,dacp
3577.jpg,M8ai
3784.jpg,U07O
2455.jpg,ooxH
271.jpg,l3pG
780.jpg,Y5Bt
3365.jpg,Rk37
984.jpg,1yBv
690.jpg,Mb4l
4599.jpg,cnve
422.jpg,Hx7R
1568.jpg,niX8
1039.jpg,U74x
3143.jpg,3SgQ
4405.jpg,bfkE
3548.jpg,QJUC
1084.jpg,7vEi
141.jpg,VzFC
3452.jpg,oFzO
1942.jpg,aahV
1957.jpg,c64D
1104.jpg,Uwb2
1229.jpg,xBVF
4056.jpg,EyM5
3181.jpg,dOjc
490.jpg,aRWW
3676.jpg,8iql
2162.jpg,wXza
2470.jpg,vy3y
1538.jpg,r60t
315.jpg,9mPA
2322.jpg,bnTS
4591.jpg,Hive
1143.jpg,7K2l
3685.jpg,tzbh
400.jpg,y0dS
3833.jpg,8O2l
3082.jpg,D4RY
2743.jpg,6EaO
1905.jpg,AYwE
3039.jpg,Zijx
1616.jpg,vU6G
724.jpg,XPR8
1279.jpg,zrGZ
4100.jpg,YLRg
787.jpg,unma
1283.jpg,puRH
2197.jpg,evoD
1846.jpg,eZj8
2578.jpg,w6kE
4756.jpg,B8sD
4585.jpg,1JBt
4984.jpg,yTYM
1831.jpg,txPh
1040.jpg,LVNw
853.jpg,n0dH
1514.jpg,HgIh
743.jpg,5R8h
550.jpg,c4Ss
3031.jpg,LXBU
3756.jpg,dpzp
2045.jpg,EsZ3
4932.jpg,78qx
3970.jpg,qEik
3561.jpg,TV70
239.jpg,hAPX
4255.jpg,9SDJ
3866.jpg,7cWk
3659.jpg,rz1b
2939.jpg,ueel
420.jpg,MGFB
2957.jpg,bYUc
4972.jpg,JsTO
827.jpg,YR3z
3316.jpg,aTR7
2603.jpg,knMl
3769.jpg,rW9V
4408.jpg,UegE
3856.jpg,WF9g
1873.jpg,wEne
2741.jpg,JF1K
4944.jpg,LEn1
373.jpg,mVMZ
2866.jpg,k7AK
2960.jpg,0mYn
4682.jpg,lQGE
3389.jpg,FMkY
3305.jpg,12kw
3085.jpg,t3s9
4744.jpg,LtFl
3605.jpg,o1dp
1908.jpg,D9NJ
4881.jpg,64ea
3336.jpg,pP2d
4048.jpg,MA6M
2609.jpg,aKak
4340.jpg,evkv
4790.jpg,dR6L
3568.jpg,wVaO
3785.jpg,5efz
966.jpg,84NT
2803.jpg,HWzN
3066.jpg,jtX1
2718.jpg,Hjs1
4521.jpg,LR8B
1494.jpg,AQ9l
3372.jpg,cSjE
2432.jpg,1wjv
3131.jpg,B0Ns
2078.jpg,U3YC
4326.jpg,jjJo
2313.jpg,BmU6
2285.jpg,ZVFV
4783.jpg,zz0d
2684.jpg,WHdt
3716.jpg,pWyq
2220.jpg,M5BC
3753.jpg,1GqM
3985.jpg,h6UG
4861.jpg,kHAB
2993.jpg,ESuJ
3773.jpg,dokK
1529.jpg,O5nA
942.jpg,XSuB
555.jpg,9FVd
3955.jpg,lYn9
2155.jpg,J6SW
202.jpg,Tv5P
2476.jpg,WbaX
2606.jpg,0RA5
3728.jpg,HhFy
921.jpg,DyOF
2826.jpg,5D1y
4202.jpg,O7bi
3544.jpg,gcyv
3588.jpg,R6Nd
3750.jpg,rP1Q
1513.jpg,4GBs
2607.jpg,Ltbj
1835.jpg,H0Ax
1381.jpg,Cp47
352.jpg,VRQQ
4482.jpg,YbAY
3123.jpg,neuS
1125.jpg,EsVj
1884.jpg,6NNw
2962.jpg,5z7J
3444.jpg,ipT0
2699.jpg,xIYi
2659.jpg,sM9T
4072.jpg,FjNo
3388.jpg,pDjp
7.jpg,mxRH
1459.jpg,4hVw
4757.jpg,4Ipw
2621.jpg,yLkl
2171.jpg,mpLa
2460.jpg,irH4
3506.jpg,LLQw
2655.jpg,9ylf
358.jpg,c5Iv
3194.jpg,0z0M
4531.jpg,ojIZ
610.jpg,JGE8
2252.jpg,lTSZ
2040.jpg,bkF5
3954.jpg,MBSl
3125.jpg,TMW6
3646.jpg,TaNE
1433.jpg,NNeU
4776.jpg,4Dbp
2709.jpg,DZ1l
4841.jpg,IA2A
3178.jpg,Io3n
2458.jpg,GvmC
2963.jpg,3Dj8
4648.jpg,f6La
2636.jpg,UwuN
4453.jpg,xLbe
1111.jpg,ULkc
1182.jpg,yjIQ
4508.jpg,13a5
3545.jpg,suFe
3283.jpg,tJnf
3527.jpg,CtAX
1428.jpg,mJe2
3807.jpg,58yw
1131.jpg,vvuw
1387.jpg,ElYS
3266.jpg,lDyz
3079.jpg,QFyG
2846.jpg,x828
2624.jpg,6aLZ
2953.jpg,dyfB
1152.jpg,k3Ua
1115.jpg,rrEv
3619.jpg,kb2f
210.jpg,NNXY
2123.jpg,ExE2
3523.jpg,KUyy
2091.jpg,A00Q
561.jpg,yTa6
4445.jpg,wCEg
334.jpg,6P74
211.jpg,G2Bc
2837.jpg,LzNR
854.jpg,0fnp
756.jpg,DGvV
1871.jpg,uZa6
2744.jpg,1Gzy
3986.jpg,LSJw
3086.jpg,6iGF
4632.jpg,VlRi
4305.jpg,OshI
4159.jpg,tV3L
1823.jpg,t9tz
1102.jpg,OGwn
1508.jpg,kIiA
2351.jpg,nLmY
4770.jpg,Vuhh
1642.jpg,UJSI
1841.jpg,Pmnh
4189.jpg,5kAx
4614.jpg,XLza
4624.jpg,ij7C
2134.jpg,YQqJ
3620.jpg,MCFH
1967.jpg,9JVd
823.jpg,q6Is
1870.jpg,mI0E
1003.jpg,oryN
3546.jpg,tdvo
540.jpg,rIDM
2241.jpg,6X8L
2688.jpg,M7qy
4213.jpg,p7fk
3573.jpg,ABYb
4029.jpg,hMOy
733.jpg,YYQK
1644.jpg,DDFU
2074.jpg,lMok
205.jpg,Mwqs
4337.jpg,Hkdd
70.jpg,1KRT
2946.jpg,MZN9
2892.jpg,VfuL
343.jpg,kKuP
1572.jpg,kFcD
2947.jpg,wSPa
4486.jpg,E6XH
1116.jpg,hTcK
4430.jpg,kyFB
2323.jpg,CqCd
2289.jpg,MrrF
1029.jpg,wbhU
4462.jpg,746p
2944.jpg,t5V8
3386.jpg,OkJK
304.jpg,Gpcr
303.jpg,pLs0
3484.jpg,yjdd
4897.jpg,sjeO
4563.jpg,nc7g
3413.jpg,IpHi
2503.jpg,L0kq
1258.jpg,dQ1H
2446.jpg,X4p0
4190.jpg,2RTV
4965.jpg,5TQz
2434.jpg,H60h
3476.jpg,b1MU
3639.jpg,ehtW
2457.jpg,57ZV
4268.jpg,ZTIb
3360.jpg,DWbh
1302.jpg,zb6b
1109.jpg,PljZ
1570.jpg,gcPN
2342.jpg,n9Wh
1478.jpg,Rn4K
2014.jpg,h3aE
3950.jpg,XONa
3334.jpg,m4AS
3182.jpg,6fYP
3842.jpg,WtO9
4779.jpg,xXmk
2350.jpg,dyhA
688.jpg,RYt3
2634.jpg,cfKq
1906.jpg,iX2y
4990.jpg,yuIK
79.jpg,PXXa
331.jpg,dacj
3410.jpg,G0A9
4265.jpg,rfoz
1682.jpg,V73X
1819.jpg,adei
2373.jpg,nQu4
4873.jpg,bQfe
342.jpg,UOOY
2251.jpg,0kb8
1068.jpg,VOqf
1165.jpg,rLOM
3166.jpg,8olh
2050.jpg,g3yg
3295.jpg,ctlX
3373.jpg,eNQR
3172.jpg,P8xU
67.jpg,OckF
267.jpg,FAfx
1639.jpg,Apfe
3025.jpg,dPGY
525.jpg,pTJg
1671.jpg,6HVr
1503.jpg,bvOC
3994.jpg,wRSe
290.jpg,4eJh
3265.jpg,LC54
2487.jpg,ZEcz
2058.jpg,XZJl
1515.jpg,xsue
802.jpg,JXkh
3102.jpg,KO60
3641.jpg,bQ1g
4659.jpg,dvYF
3122.jpg,r7ZY
3177.jpg,nqFg
1676.jpg,IKJ5
3222.jpg,8cne
1534.jpg,nMlm
1670.jpg,V4yF
4234.jpg,sUDO
4150.jpg,ddYY
3782.jpg,9RDy
498.jpg,fOPf
232.jpg,j68m
1599.jpg,USPX
3237.jpg,pyfs
132.jpg,AqVV
4831.jpg,vlGS
2987.jpg,pbSj
1146.jpg,vvs9
995.jpg,KBfM
4368.jpg,0A0I
4943.jpg,WycV
2359.jpg,d384
1270.jpg,YkBp
2198.jpg,19RH
1968.jpg,Dafh
2071.jpg,6WWr
4377.jpg,stYk
2144.jpg,2cs4
207.jpg,4WBX
3931.jpg,rnpe
1396.jpg,ayKg
1180.jpg,oegO
2685.jpg,bKgK
1717.jpg,sI2j
2495.jpg,Tl1I
533.jpg,f3Og
3291.jpg,V45P
3845.jpg,MX5V
1874.jpg,IgNu
1878.jpg,JWO0
3445.jpg,NoFM
961.jpg,d9t7
1990.jpg,HP4U
723.jpg,lVrf
3799.jpg,GRpj
4335.jpg,YTJn
3726.jpg,AthQ
3090.jpg,vH4B
395.jpg,bzID
2656.jpg,3Cw0
2441.jpg,4ziL
2407.jpg,vclX
1476.jpg,XwsI
4798.jpg,Vgy3
4910.jpg,OG5f
4604.jpg,2YQC
2933.jpg,ZObH
4371.jpg,lBPh
3993.jpg,fEDc
4172.jpg,CMIu
3062.jpg,Meip
1755.jpg,okrl
3171.jpg,wqs7
2949.jpg,f5UQ
2184.jpg,ybTv
408.jpg,SZ28
3556.jpg,cbiY
1736.jpg,lhOX
1789.jpg,Selh
265.jpg,5Lwu
2247.jpg,jeMz
943.jpg,at9a
3277.jpg,BBHr
1114.jpg,Dns2
1573.jpg,x1ON
2952.jpg,N7Ys
3067.jpg,qlkG
4115.jpg,Colb
4902.jpg,6KpW
1810.jpg,qswb
1546.jpg,elVO
4775.jpg,iWY2
1127.jpg,Kf95
3832.jpg,93J5
4754.jpg,36b2
2619.jpg,egfB
3935.jpg,pKI9
2844.jpg,9dLw
4516.jpg,Vzim
72.jpg,FYAW
4303.jpg,bYdw
1011.jpg,JA0z
4209.jpg,UAtD
2010.jpg,BATI
3565.jpg,MDvo
133.jpg,dDJs
2438.jpg,5Eka
692.jpg,8N4v
1495.jpg,Xcda
4623.jpg,aN4u
527.jpg,GyLw
4917.jpg,YWr0
2894.jpg,S29m
3228.jpg,dKMp
2615.jpg,iZt2
3219.jpg,KoP5
2076.jpg,fTYK
836.jpg,qMgk
3176.jpg,sdBY
4992.jpg,mxpj
4959.jpg,QHY8
3702.jpg,znjW
3789.jpg,MGdZ
968.jpg,rIyw
2514.jpg,0sRM
1559.jpg,U6ol
2983.jpg,CM9E
1423.jpg,VPxT
4493.jpg,EOSb
4678.jpg,bcJa
2051.jpg,8b0J
1775.jpg,VylL
3362.jpg,R2fh
2214.jpg,l4Vf
197.jpg,rNFp
4939.jpg,g4Mi
3227.jpg,YOYo
2871.jpg,SW2H
1072.jpg,1ELn
2093.jpg,yPPP
755.jpg,eScM
1147.jpg,9IDH
4715.jpg,o7h8
1994.jpg,mZCL
951.jpg,sdZv
1996.jpg,SUNS
4616.jpg,slFz
2402.jpg,1HTQ
4279.jpg,m5lz
2464.jpg,imQ0
3428.jpg,zQVN
2125.jpg,XjpF
643.jpg,98HS
2253.jpg,g9FS
4079.jpg,lb6s
1142.jpg,P6PA
3824.jpg,PxXi
2372.jpg,EH6K
2756.jpg,ZFX7
1245.jpg,TUNT
3772.jpg,XkSv
1798.jpg,fekN
2233.jpg,IKpf
4860.jpg,VVEC
4304.jpg,WyNI
4108.jpg,FwOR
1774.jpg,5ZMv
1694.jpg,maFv
2172.jpg,1HhS
4054.jpg,M6GM
283.jpg,CjZ0
965.jpg,PnGw
4844.jpg,ilVu
3017.jpg,H3Y3
241.jpg,HL9U
437.jpg,lxrJ
701.jpg,Q9PV
2526.jpg,aq3g
113.jpg,3ayf
4028.jpg,8E4Y
3943.jpg,uGyZ
3460.jpg,gska
2132.jpg,ZJg5
104.jpg,u6pf
3496.jpg,4Er6
2327.jpg,ZfIl
2367.jpg,4YoY
1964.jpg,7nbC
3074.jpg,HvOo
370.jpg,F1pk
119.jpg,RiuW
4477.jpg,QHa0
2951.jpg,eGN6
4615.jpg,qlrF
1021.jpg,tRYs
1037.jpg,XbIK
752.jpg,Exva
4087.jpg,YQqM
2403.jpg,zz1Z
495.jpg,4JKW
2190.jpg,mFdi
1984.jpg,cXMO
3483.jpg,kshm
2691.jpg,3dlZ
1754.jpg,rOuu
1565.jpg,bYxf
3920.jpg,R5wm
2120.jpg,Y6qF
590.jpg,7mYs
260.jpg,Bbep
528.jpg,96Ev
2867.jpg,tbEW
1067.jpg,4BWe
2257.jpg,O3t1
4988.jpg,bYXV
230.jpg,frCK
1286.jpg,2LwA
2558.jpg,rjFV
4132.jpg,itnT
4978.jpg,IZIE
4833.jpg,Kam8
4099.jpg,Paea
2353.jpg,fa1p
2158.jpg,rbQZ
3380.jpg,AJZz
3401.jpg,HzVv
2980.jpg,k0xt
985.jpg,bYUq
948.jpg,orwc
1954.jpg,WOBj
3781.jpg,zHqb
1761.jpg,SzIL
120.jpg,bUhR
2782.jpg,RSVs
1239.jpg,pXjm
4120.jpg,mTp5
2049.jpg,c83D
3830.jpg,MxrA
1390.jpg,IEFZ
3005.jpg,SDGS
4397.jpg,EEYz
2506.jpg,vrBQ
1056.jpg,pkUj
3776.jpg,cfLN
3450.jpg,pqQX
549.jpg,niW5
2483.jpg,tjCz
2365.jpg,LOAZ
1257.jpg,T6xr
2989.jpg,cqEt
175.jpg,4XpO
348.jpg,QC0V
1211.jpg,rpcb
1909.jpg,PeXE
3205.jpg,B6Z3
103.jpg,GSwh
1069.jpg,Uy9s
4559.jpg,vxDR
2950.jpg,ka6r
483.jpg,ELhl
1089.jpg,j3vH
1282.jpg,exSB
2966.jpg,hPeo
2075.jpg,QZX6
1317.jpg,mdLQ
3116.jpg,RGdJ
3933.jpg,xEWH
544.jpg,VXhm
3798.jpg,TiMV
4327.jpg,evPO
305.jpg,NzUm
3987.jpg,RBZV
4.jpg,TzMg
3273.jpg,8pH1
4317.jpg,zdhK
4945.jpg,lmCd
2112.jpg,WbGb
3730.jpg,CkC5
465.jpg,AEHl
109.jpg,Tm5s
3442.jpg,9ziL
4176.jpg,78Ry
164.jpg,so0x
410.jpg,pXmd
154.jpg,zIzW
2990.jpg,8bTk
632.jpg,AxXL
2698.jpg,zHfn
512.jpg,O0IO
2570.jpg,faPv
3168.jpg,La4x
3656.jpg,nSvB
1802.jpg,wdqh
323.jpg,znXd
3819.jpg,H3Lg
3735.jpg,1iCD
4062.jpg,Zh9x
274.jpg,QrNu
1360.jpg,XSJU
4400.jpg,WiLI
4271.jpg,0fXo
3585.jpg,khHN
310.jpg,4seO
3592.jpg,t67Q
3864.jpg,hbUG
3770.jpg,Tmf4
4986.jpg,rApB
3332.jpg,YLKb
715.jpg,RRSh
4452.jpg,qYA3
4222.jpg,Fjhw
3292.jpg,TQ3A
2113.jpg,wN1u
3290.jpg,04Nw
2331.jpg,3zfp
754.jpg,YfVI
4104.jpg,V0tN
4032.jpg,GANT
2411.jpg,DAes
863.jpg,Ie4s
464.jpg,gOGy
191.jpg,rIxH
2566.jpg,Gtri
2092.jpg,GsEj
3684.jpg,Cq4J
426.jpg,aRzc
4879.jpg,X70W
1346.jpg,LhjM
2612.jpg,XVOJ
3206.jpg,DRXr
4893.jpg,4Pim
2215.jpg,DUjq
4849.jpg,X4xC
2055.jpg,ve5M
1355.jpg,hSsp
2922.jpg,diHB
3419.jpg,SzvN
4407.jpg,1ouQ
392.jpg,om52
2333.jpg,q5qU
1348.jpg,nxCU
1100.jpg,Uwfs
2509.jpg,lIae
4156.jpg,SNJQ
3279.jpg,mDtJ
3049.jpg,WjyU
4195.jpg,PGZD
989.jpg,wwHM
1206.jpg,bMVb
468.jpg,pEXq
3032.jpg,eQRA
2954.jpg,4G1b
214.jpg,qY3L
2312.jpg,6bVz
772.jpg,sFxC
2909.jpg,xbAC
3269.jpg,sGTm
503.jpg,HPQy
143.jpg,R3jE
1079.jpg,fQhP
101.jpg,Q9k3
2875.jpg,LJBE
146.jpg,NZ3n
3281.jpg,tjFe
2697.jpg,kbTs
3415.jpg,x7Z9
3849.jpg,EQoO
4038.jpg,Q7Ct
600.jpg,jFLo
2623.jpg,h8MU
3713.jpg,sUNj
1523.jpg,9WX6
2449.jpg,TDpZ
1135.jpg,1zhI
670.jpg,PuBf
842.jpg,HkFY
3127.jpg,YJkl
90.jpg,yjr0
4406.jpg,1gay
1553.jpg,lJQO
2574.jpg,Wmw9
124.jpg,A07c
2974.jpg,sFea
3576.jpg,gO9U
2822.jpg,mcow
1545.jpg,hoB4
3071.jpg,h3D3
2003.jpg,fjAN
1826.jpg,SWiD
1533.jpg,pGij
4526.jpg,EkBo
2633.jpg,1JC7
213.jpg,nULa
1784.jpg,jsbr
872.jpg,iSWf
229.jpg,DjmQ
1059.jpg,uBP0
1191.jpg,fHF3
3021.jpg,C1PB
1255.jpg,qOCC
850.jpg,vUgu
1465.jpg,RBIA
4251.jpg,9Mqx
2034.jpg,1mf3
924.jpg,Os3e
3351.jpg,DAy6
1799.jpg,7W4b
3322.jpg,drW5
308.jpg,lmO7
3114.jpg,7Q33
1506.jpg,MsMD
4729.jpg,uNds
1154.jpg,EVWs
635.jpg,YGUg
3761.jpg,92Zn
1141.jpg,m4k9
1238.jpg,weN3
4058.jpg,MVh5
1566.jpg,tuDy
3317.jpg,bjyL
4299.jpg,zV5z
3013.jpg,WSao
788.jpg,KdVe
4642.jpg,jl4N
4223.jpg,CnYt
3941.jpg,lzwr
4847.jpg,bgYS
2328.jpg,V8UF
1323.jpg,G3E1
2207.jpg,8ZKD
1058.jpg,XEES
3595.jpg,clwp
151.jpg,SpAo
1585.jpg,bAai
4466.jpg,ilJI
612.jpg,NsTw
4293.jpg,cBHx
1062.jpg,STo4
2847.jpg,LMBr
2259.jpg,FSTJ
142.jpg,7Bq9
4421.jpg,UXxM
2693.jpg,2veF
221.jpg,AhAE
4068.jpg,cVam
4895.jpg,CKxA
1869.jpg,eaKT
96.jpg,ksxs
884.jpg,VNOF
2991.jpg,5Q64
807.jpg,6sHS
2176.jpg,noi3
4360.jpg,Ctxx
4839.jpg,1bOq
881.jpg,ue7M
3528.jpg,Sbfc
3033.jpg,CAWu
77.jpg,Gveg
1822.jpg,TziR
2357.jpg,Ttnf
376.jpg,zuve
691.jpg,J2aP
3607.jpg,MXSV
227.jpg,7GOo
297.jpg,YCfm
1748.jpg,I7FC
739.jpg,XtKi
2396.jpg,rHeA
3007.jpg,Vfzj
3259.jpg,j34u
4707.jpg,ck9S
3591.jpg,vsE5
2549.jpg,YvQF
2369.jpg,dqcM
3302.jpg,XBxZ
1988.jpg,xcCW
1197.jpg,7OJa
3270.jpg,OsSx
2642.jpg,s59b
2195.jpg,2O3v
3234.jpg,Tn3O
3142.jpg,Qici
4954.jpg,crRl
4465.jpg,1qON
182.jpg,E0aB
682.jpg,yL3P
2454.jpg,qdaw
3689.jpg,T9If
3479.jpg,immD
4184.jpg,Lh2d
2044.jpg,fW5c
136.jpg,B3yu
1106.jpg,Q5VZ
4418.jpg,wjTQ
4513.jpg,03YU
3113.jpg,b6fB
1995.jpg,Z5L8
1151.jpg,CQPr
4673.jpg,Q54C
1861.jpg,g2Qq
407.jpg,qr37
2736.jpg,Hi6X
4605.jpg,2WbH
3887.jpg,mBxG
4947.jpg,lh2u
3154.jpg,LVyK
4414.jpg,0AJ6
4759.jpg,8ekP
4281.jpg,AmFa
4227.jpg,bBgI
1658.jpg,NcsD
2152.jpg,hyQK
2923.jpg,Suq8
4338.jpg,vwQy
858.jpg,Qugk
138.jpg,dsLa
1891.jpg,Mks5
1879.jpg,nH6b
2635.jpg,vKLK
3739.jpg,7iti
1349.jpg,FkQd
436.jpg,Hwod
1998.jpg,638m
1777.jpg,HLQl
2545.jpg,W9zv
445.jpg,lhwE
1684.jpg,1EMl
2524.jpg,i9WY
3633.jpg,lh1U
1659.jpg,prDe
791.jpg,VHWs
3173.jpg,laWD
3840.jpg,xJUP
203.jpg,3cR5
4328.jpg,Usu5
3323.jpg,e3qM
2555.jpg,oecp
1339.jpg,qYLx
4278.jpg,34Uu
1301.jpg,r8WK
2210.jpg,DZhg
1209.jpg,18fe
4270.jpg,ZKfd
49.jpg,KBVn
4050.jpg,tCJV
4930.jpg,WFS7
1368.jpg,RINX
4098.jpg,gFrz
3398.jpg,eKng
1663.jpg,Vap7
360.jpg,hJLn
3700.jpg,QYf6
1315.jpg,9ux2
1860.jpg,YgMR
708.jpg,SJrV
1543.jpg,7A0y
2237.jpg,QCpy
4911.jpg,9C4Z
399.jpg,Scw3
2208.jpg,C8Ou
746.jpg,crIs
3806.jpg,koaI
1544.jpg,pqgw
2918.jpg,iQxi
3714.jpg,UrOO
3661.jpg,2sRy
1150.jpg,QLwb
2882.jpg,PaOT
3601.jpg,Iy5P
959.jpg,B0zB
1247.jpg,sXyl
3677.jpg,QX04
4956.jpg,Iocc
3366.jpg,quH5
2706.jpg,kkiO
1119.jpg,idaT
4885.jpg,39qD
2262.jpg,mc8C
3529.jpg,4V6N
362.jpg,m91h
2456.jpg,Y8ID
4037.jpg,uMba
2305.jpg,ja1q
3908.jpg,O51C
1184.jpg,XtZJ
4751.jpg,tvBP
1369.jpg,maFg
1110.jpg,vtIy
973.jpg,aJKW
2240.jpg,35kZ
799.jpg,Ut6K
3333.jpg,r5M5
516.jpg,686c
63.jpg,3b4Q
2887.jpg,PyRE
1427.jpg,TWnI
4848.jpg,g6gf
2576.jpg,iNDF
2535.jpg,Wqlm
1949.jpg,4igJ
3524.jpg,1jTK
450.jpg,IX21
493.jpg,ecxK
1359.jpg,sKmb
2382.jpg,oF57
3868.jpg,ONif
893.jpg,tzpK
3300.jpg,vThw
657.jpg,o4M6
4689.jpg,FF8w
2280.jpg,T9Wq
2116.jpg,uSY5
4321.jpg,8TjL
1713.jpg,cAA0
3871.jpg,DIjR
4012.jpg,MBx2
4049.jpg,b05i
4073.jpg,ws6W
273.jpg,JgQj
259.jpg,GXIu
2530.jpg,t8PE
2056.jpg,7TE8
721.jpg,VyGR
2481.jpg,OoyZ
1959.jpg,DQIV
3708.jpg,4Oyb
4536.jpg,xknP
177.jpg,gS6s
4026.jpg,VGDh
2395.jpg,fQvu
4780.jpg,mz8J
100.jpg,g16l
2886.jpg,5qpH
3187.jpg,JpXe
125.jpg,msQB
20.jpg,EydQ
2016.jpg,1s7G
4063.jpg,GPm0
4671.jpg,BazL
3626.jpg,3T5V
114.jpg,9T57
4260.jpg,weOE
2627.jpg,eoWh
195.jpg,O8zT
4262.jpg,Qw3F
2552.jpg,ZBk4
4401.jpg,Mz7V
3650.jpg,Cj36
1601.jpg,AWZS
1118.jpg,W2Tb
1740.jpg,P7Gc
147.jpg,tVmK
529.jpg,51wm
1519.jpg,1xsl
4423.jpg,swh9
3416.jpg,KTQu
621.jpg,Ig8B
432.jpg,hNDD
3904.jpg,zJ84
2493.jpg,YYC4
1200.jpg,0uj0
4458.jpg,oEfC
1166.jpg,vwZ2
871.jpg,X6cp
270.jpg,5xFr
3615.jpg,Mku5
4030.jpg,uhAB
664.jpg,9eSo
1896.jpg,L26G
3034.jpg,yv03
10.jpg,8bud
531.jpg,EpJq
1922.jpg,jWAB
2998.jpg,eTu6
2150.jpg,hbSd
1192.jpg,yETc
4247.jpg,z3m7
3019.jpg,E3ny
4480.jpg,Xgjw
3075.jpg,ROYQ
4211.jpg,R6oG
4587.jpg,l6b6
1099.jpg,oQQa
1480.jpg,EvEF
1866.jpg,lo6K
3858.jpg,jLZr
1462.jpg,g8bE
2261.jpg,YtOS
1997.jpg,ppAJ
4093.jpg,iNXz
1606.jpg,qXRm
2725.jpg,yubp
3167.jpg,9fdO
3614.jpg,b6EX
3538.jpg,en7f
336.jpg,Gzow
4550.jpg,8Nsn
1829.jpg,IHr8
3407.jpg,w8OV
2084.jpg,OPGo
2647.jpg,G1T5
403.jpg,UJpQ
2828.jpg,mqNH
4680.jpg,n9vn
2590.jpg,vSS0
2891.jpg,LUaH
2439.jpg,rlDs
651.jpg,c4I9
3036.jpg,7TT9
2029.jpg,6i6I
2170.jpg,rQe5
454.jpg,Zx87
661.jpg,OJGI
1.jpg,s1O2
2874.jpg,ZyWA
835.jpg,L7rV
644.jpg,C1a1
4066.jpg,AY6y
2926.jpg,1O7J
2564.jpg,X8JX
987.jpg,pPPF
28.jpg,oPVg
3274.jpg,0YJd
385.jpg,UjyO
1326.jpg,FMhX
2419.jpg,SJAQ
3188.jpg,zGZ0
1882.jpg,7n0b
74.jpg,tAZD
1030.jpg,3Hwr
2194.jpg,FaR8
2679.jpg,P9wz
572.jpg,lExv
2236.jpg,b2Ub
2740.jpg,6Zdk
4738.jpg,incT
3881.jpg,SIGQ
1442.jpg,FXtM
2881.jpg,8aAR
3884.jpg,N21U
868.jpg,8CZz
1251.jpg,srAl
78.jpg,nYxr
3473.jpg,ljuP
1277.jpg,vdYT
4674.jpg,XBxQ
2834.jpg,6XNn
4518.jpg,ZKC7
3867.jpg,WxIA
318.jpg,W6dN
2908.jpg,XA0g
3140.jpg,V8zE
1485.jpg,jAHX
2601.jpg,gBfR
327.jpg,3h4l
4800.jpg,KC88
1168.jpg,SEUs
2212.jpg,xrqR
268.jpg,8vGR
2657.jpg,pGnw
1410.jpg,0d7S
3195.jpg,99ra
3091.jpg,BVL5
4311.jpg,mNda
1132.jpg,mK01
2364.jpg,hT2j
4727.jpg,Ih8S
587.jpg,Erq5
371.jpg,SmY8
1738.jpg,qIZn
2485.jpg,jLfB
2921.jpg,XSw6
4830.jpg,br0g
2550.jpg,nQwL
4137.jpg,bL29
2057.jpg,NBYg
2444.jpg,ivv5
3197.jpg,0ZlG
1052.jpg,BIfC
