ID,label
1.jpg,test
2.jpg,test
3.jpg,test
4.jpg,test
5.jpg,test
6.jpg,test
7.jpg,test
8.jpg,test
9.jpg,test
10.jpg,test
11.jpg,test
12.jpg,test
13.jpg,test
14.jpg,test
15.jpg,test
16.jpg,test
17.jpg,test
18.jpg,test
19.jpg,test
20.jpg,test
21.jpg,test
22.jpg,test
23.jpg,test
24.jpg,test
25.jpg,test
26.jpg,test
27.jpg,test
28.jpg,test
29.jpg,test
30.jpg,test
31.jpg,test
32.jpg,test
33.jpg,test
34.jpg,test
35.jpg,test
36.jpg,test
37.jpg,test
38.jpg,test
39.jpg,test
40.jpg,test
41.jpg,test
42.jpg,test
43.jpg,test
44.jpg,test
45.jpg,test
46.jpg,test
47.jpg,test
48.jpg,test
49.jpg,test
50.jpg,test
51.jpg,test
52.jpg,test
53.jpg,test
54.jpg,test
55.jpg,test
56.jpg,test
57.jpg,test
58.jpg,test
59.jpg,test
60.jpg,test
61.jpg,test
62.jpg,test
63.jpg,test
64.jpg,test
65.jpg,test
66.jpg,test
67.jpg,test
68.jpg,test
69.jpg,test
70.jpg,test
71.jpg,test
72.jpg,test
73.jpg,test
74.jpg,test
75.jpg,test
76.jpg,test
77.jpg,test
78.jpg,test
79.jpg,test
80.jpg,test
81.jpg,test
82.jpg,test
83.jpg,test
84.jpg,test
85.jpg,test
86.jpg,test
87.jpg,test
88.jpg,test
89.jpg,test
90.jpg,test
91.jpg,test
92.jpg,test
93.jpg,test
94.jpg,test
95.jpg,test
96.jpg,test
97.jpg,test
98.jpg,test
99.jpg,test
100.jpg,test
101.jpg,test
102.jpg,test
103.jpg,test
104.jpg,test
105.jpg,test
106.jpg,test
107.jpg,test
108.jpg,test
109.jpg,test
110.jpg,test
111.jpg,test
112.jpg,test
113.jpg,test
114.jpg,test
115.jpg,test
116.jpg,test
117.jpg,test
118.jpg,test
119.jpg,test
120.jpg,test
121.jpg,test
122.jpg,test
123.jpg,test
124.jpg,test
125.jpg,test
126.jpg,test
127.jpg,test
128.jpg,test
129.jpg,test
130.jpg,test
131.jpg,test
132.jpg,test
133.jpg,test
134.jpg,test
135.jpg,test
136.jpg,test
137.jpg,test
138.jpg,test
139.jpg,test
140.jpg,test
141.jpg,test
142.jpg,test
143.jpg,test
144.jpg,test
145.jpg,test
146.jpg,test
147.jpg,test
148.jpg,test
149.jpg,test
150.jpg,test
151.jpg,test
152.jpg,test
153.jpg,test
154.jpg,test
155.jpg,test
156.jpg,test
157.jpg,test
158.jpg,test
159.jpg,test
160.jpg,test
161.jpg,test
162.jpg,test
163.jpg,test
164.jpg,test
165.jpg,test
166.jpg,test
167.jpg,test
168.jpg,test
169.jpg,test
170.jpg,test
171.jpg,test
172.jpg,test
173.jpg,test
174.jpg,test
175.jpg,test
176.jpg,test
177.jpg,test
178.jpg,test
179.jpg,test
180.jpg,test
181.jpg,test
182.jpg,test
183.jpg,test
184.jpg,test
185.jpg,test
186.jpg,test
187.jpg,test
188.jpg,test
189.jpg,test
190.jpg,test
191.jpg,test
192.jpg,test
193.jpg,test
194.jpg,test
195.jpg,test
196.jpg,test
197.jpg,test
198.jpg,test
199.jpg,test
200.jpg,test
201.jpg,test
202.jpg,test
203.jpg,test
204.jpg,test
205.jpg,test
206.jpg,test
207.jpg,test
208.jpg,test
209.jpg,test
210.jpg,test
211.jpg,test
212.jpg,test
213.jpg,test
214.jpg,test
215.jpg,test
216.jpg,test
217.jpg,test
218.jpg,test
219.jpg,test
220.jpg,test
221.jpg,test
222.jpg,test
223.jpg,test
224.jpg,test
225.jpg,test
226.jpg,test
227.jpg,test
228.jpg,test
229.jpg,test
230.jpg,test
231.jpg,test
232.jpg,test
233.jpg,test
234.jpg,test
235.jpg,test
236.jpg,test
237.jpg,test
238.jpg,test
239.jpg,test
240.jpg,test
241.jpg,test
242.jpg,test
243.jpg,test
244.jpg,test
245.jpg,test
246.jpg,test
247.jpg,test
248.jpg,test
249.jpg,test
250.jpg,test
251.jpg,test
252.jpg,test
253.jpg,test
254.jpg,test
255.jpg,test
256.jpg,test
257.jpg,test
258.jpg,test
259.jpg,test
260.jpg,test
261.jpg,test
262.jpg,test
263.jpg,test
264.jpg,test
265.jpg,test
266.jpg,test
267.jpg,test
268.jpg,test
269.jpg,test
270.jpg,test
271.jpg,test
272.jpg,test
273.jpg,test
274.jpg,test
275.jpg,test
276.jpg,test
277.jpg,test
278.jpg,test
279.jpg,test
280.jpg,test
281.jpg,test
282.jpg,test
283.jpg,test
284.jpg,test
285.jpg,test
286.jpg,test
287.jpg,test
288.jpg,test
289.jpg,test
290.jpg,test
291.jpg,test
292.jpg,test
293.jpg,test
294.jpg,test
295.jpg,test
296.jpg,test
297.jpg,test
298.jpg,test
299.jpg,test
300.jpg,test
301.jpg,test
302.jpg,test
303.jpg,test
304.jpg,test
305.jpg,test
306.jpg,test
307.jpg,test
308.jpg,test
309.jpg,test
310.jpg,test
311.jpg,test
312.jpg,test
313.jpg,test
314.jpg,test
315.jpg,test
316.jpg,test
317.jpg,test
318.jpg,test
319.jpg,test
320.jpg,test
321.jpg,test
322.jpg,test
323.jpg,test
324.jpg,test
325.jpg,test
326.jpg,test
327.jpg,test
328.jpg,test
329.jpg,test
330.jpg,test
331.jpg,test
332.jpg,test
333.jpg,test
334.jpg,test
335.jpg,test
336.jpg,test
337.jpg,test
338.jpg,test
339.jpg,test
340.jpg,test
341.jpg,test
342.jpg,test
343.jpg,test
344.jpg,test
345.jpg,test
346.jpg,test
347.jpg,test
348.jpg,test
349.jpg,test
350.jpg,test
351.jpg,test
352.jpg,test
353.jpg,test
354.jpg,test
355.jpg,test
356.jpg,test
357.jpg,test
358.jpg,test
359.jpg,test
360.jpg,test
361.jpg,test
362.jpg,test
363.jpg,test
364.jpg,test
365.jpg,test
366.jpg,test
367.jpg,test
368.jpg,test
369.jpg,test
370.jpg,test
371.jpg,test
372.jpg,test
373.jpg,test
374.jpg,test
375.jpg,test
376.jpg,test
377.jpg,test
378.jpg,test
379.jpg,test
380.jpg,test
381.jpg,test
382.jpg,test
383.jpg,test
384.jpg,test
385.jpg,test
386.jpg,test
387.jpg,test
388.jpg,test
389.jpg,test
390.jpg,test
391.jpg,test
392.jpg,test
393.jpg,test
394.jpg,test
395.jpg,test
396.jpg,test
397.jpg,test
398.jpg,test
399.jpg,test
400.jpg,test
401.jpg,test
402.jpg,test
403.jpg,test
404.jpg,test
405.jpg,test
406.jpg,test
407.jpg,test
408.jpg,test
409.jpg,test
410.jpg,test
411.jpg,test
412.jpg,test
413.jpg,test
414.jpg,test
415.jpg,test
416.jpg,test
417.jpg,test
418.jpg,test
419.jpg,test
420.jpg,test
421.jpg,test
422.jpg,test
423.jpg,test
424.jpg,test
425.jpg,test
426.jpg,test
427.jpg,test
428.jpg,test
429.jpg,test
430.jpg,test
431.jpg,test
432.jpg,test
433.jpg,test
434.jpg,test
435.jpg,test
436.jpg,test
437.jpg,test
438.jpg,test
439.jpg,test
440.jpg,test
441.jpg,test
442.jpg,test
443.jpg,test
444.jpg,test
445.jpg,test
446.jpg,test
447.jpg,test
448.jpg,test
449.jpg,test
450.jpg,test
451.jpg,test
452.jpg,test
453.jpg,test
454.jpg,test
455.jpg,test
456.jpg,test
457.jpg,test
458.jpg,test
459.jpg,test
460.jpg,test
461.jpg,test
462.jpg,test
463.jpg,test
464.jpg,test
465.jpg,test
466.jpg,test
467.jpg,test
468.jpg,test
469.jpg,test
470.jpg,test
471.jpg,test
472.jpg,test
473.jpg,test
474.jpg,test
475.jpg,test
476.jpg,test
477.jpg,test
478.jpg,test
479.jpg,test
480.jpg,test
481.jpg,test
482.jpg,test
483.jpg,test
484.jpg,test
485.jpg,test
486.jpg,test
487.jpg,test
488.jpg,test
489.jpg,test
490.jpg,test
491.jpg,test
492.jpg,test
493.jpg,test
494.jpg,test
495.jpg,test
496.jpg,test
497.jpg,test
498.jpg,test
499.jpg,test
500.jpg,test
501.jpg,test
502.jpg,test
503.jpg,test
504.jpg,test
505.jpg,test
506.jpg,test
507.jpg,test
508.jpg,test
509.jpg,test
510.jpg,test
511.jpg,test
512.jpg,test
513.jpg,test
514.jpg,test
515.jpg,test
516.jpg,test
517.jpg,test
518.jpg,test
519.jpg,test
520.jpg,test
521.jpg,test
522.jpg,test
523.jpg,test
524.jpg,test
525.jpg,test
526.jpg,test
527.jpg,test
528.jpg,test
529.jpg,test
530.jpg,test
531.jpg,test
532.jpg,test
533.jpg,test
534.jpg,test
535.jpg,test
536.jpg,test
537.jpg,test
538.jpg,test
539.jpg,test
540.jpg,test
541.jpg,test
542.jpg,test
543.jpg,test
544.jpg,test
545.jpg,test
546.jpg,test
547.jpg,test
548.jpg,test
549.jpg,test
550.jpg,test
551.jpg,test
552.jpg,test
553.jpg,test
554.jpg,test
555.jpg,test
556.jpg,test
557.jpg,test
558.jpg,test
559.jpg,test
560.jpg,test
561.jpg,test
562.jpg,test
563.jpg,test
564.jpg,test
565.jpg,test
566.jpg,test
567.jpg,test
568.jpg,test
569.jpg,test
570.jpg,test
571.jpg,test
572.jpg,test
573.jpg,test
574.jpg,test
575.jpg,test
576.jpg,test
577.jpg,test
578.jpg,test
579.jpg,test
580.jpg,test
581.jpg,test
582.jpg,test
583.jpg,test
584.jpg,test
585.jpg,test
586.jpg,test
587.jpg,test
588.jpg,test
589.jpg,test
590.jpg,test
591.jpg,test
592.jpg,test
593.jpg,test
594.jpg,test
595.jpg,test
596.jpg,test
597.jpg,test
598.jpg,test
599.jpg,test
600.jpg,test
601.jpg,test
602.jpg,test
603.jpg,test
604.jpg,test
605.jpg,test
606.jpg,test
607.jpg,test
608.jpg,test
609.jpg,test
610.jpg,test
611.jpg,test
612.jpg,test
613.jpg,test
614.jpg,test
615.jpg,test
616.jpg,test
617.jpg,test
618.jpg,test
619.jpg,test
620.jpg,test
621.jpg,test
622.jpg,test
623.jpg,test
624.jpg,test
625.jpg,test
626.jpg,test
627.jpg,test
628.jpg,test
629.jpg,test
630.jpg,test
631.jpg,test
632.jpg,test
633.jpg,test
634.jpg,test
635.jpg,test
636.jpg,test
637.jpg,test
638.jpg,test
639.jpg,test
640.jpg,test
641.jpg,test
642.jpg,test
643.jpg,test
644.jpg,test
645.jpg,test
646.jpg,test
647.jpg,test
648.jpg,test
649.jpg,test
650.jpg,test
651.jpg,test
652.jpg,test
653.jpg,test
654.jpg,test
655.jpg,test
656.jpg,test
657.jpg,test
658.jpg,test
659.jpg,test
660.jpg,test
661.jpg,test
662.jpg,test
663.jpg,test
664.jpg,test
665.jpg,test
666.jpg,test
667.jpg,test
668.jpg,test
669.jpg,test
670.jpg,test
671.jpg,test
672.jpg,test
673.jpg,test
674.jpg,test
675.jpg,test
676.jpg,test
677.jpg,test
678.jpg,test
679.jpg,test
680.jpg,test
681.jpg,test
682.jpg,test
683.jpg,test
684.jpg,test
685.jpg,test
686.jpg,test
687.jpg,test
688.jpg,test
689.jpg,test
690.jpg,test
691.jpg,test
692.jpg,test
693.jpg,test
694.jpg,test
695.jpg,test
696.jpg,test
697.jpg,test
698.jpg,test
699.jpg,test
700.jpg,test
701.jpg,test
702.jpg,test
703.jpg,test
704.jpg,test
705.jpg,test
706.jpg,test
707.jpg,test
708.jpg,test
709.jpg,test
710.jpg,test
711.jpg,test
712.jpg,test
713.jpg,test
714.jpg,test
715.jpg,test
716.jpg,test
717.jpg,test
718.jpg,test
719.jpg,test
720.jpg,test
721.jpg,test
722.jpg,test
723.jpg,test
724.jpg,test
725.jpg,test
726.jpg,test
727.jpg,test
728.jpg,test
729.jpg,test
730.jpg,test
731.jpg,test
732.jpg,test
733.jpg,test
734.jpg,test
735.jpg,test
736.jpg,test
737.jpg,test
738.jpg,test
739.jpg,test
740.jpg,test
741.jpg,test
742.jpg,test
743.jpg,test
744.jpg,test
745.jpg,test
746.jpg,test
747.jpg,test
748.jpg,test
749.jpg,test
750.jpg,test
751.jpg,test
752.jpg,test
753.jpg,test
754.jpg,test
755.jpg,test
756.jpg,test
757.jpg,test
758.jpg,test
759.jpg,test
760.jpg,test
761.jpg,test
762.jpg,test
763.jpg,test
764.jpg,test
765.jpg,test
766.jpg,test
767.jpg,test
768.jpg,test
769.jpg,test
770.jpg,test
771.jpg,test
772.jpg,test
773.jpg,test
774.jpg,test
775.jpg,test
776.jpg,test
777.jpg,test
778.jpg,test
779.jpg,test
780.jpg,test
781.jpg,test
782.jpg,test
783.jpg,test
784.jpg,test
785.jpg,test
786.jpg,test
787.jpg,test
788.jpg,test
789.jpg,test
790.jpg,test
791.jpg,test
792.jpg,test
793.jpg,test
794.jpg,test
795.jpg,test
796.jpg,test
797.jpg,test
798.jpg,test
799.jpg,test
800.jpg,test
801.jpg,test
802.jpg,test
803.jpg,test
804.jpg,test
805.jpg,test
806.jpg,test
807.jpg,test
808.jpg,test
809.jpg,test
810.jpg,test
811.jpg,test
812.jpg,test
813.jpg,test
814.jpg,test
815.jpg,test
816.jpg,test
817.jpg,test
818.jpg,test
819.jpg,test
820.jpg,test
821.jpg,test
822.jpg,test
823.jpg,test
824.jpg,test
825.jpg,test
826.jpg,test
827.jpg,test
828.jpg,test
829.jpg,test
830.jpg,test
831.jpg,test
832.jpg,test
833.jpg,test
834.jpg,test
835.jpg,test
836.jpg,test
837.jpg,test
838.jpg,test
839.jpg,test
840.jpg,test
841.jpg,test
842.jpg,test
843.jpg,test
844.jpg,test
845.jpg,test
846.jpg,test
847.jpg,test
848.jpg,test
849.jpg,test
850.jpg,test
851.jpg,test
852.jpg,test
853.jpg,test
854.jpg,test
855.jpg,test
856.jpg,test
857.jpg,test
858.jpg,test
859.jpg,test
860.jpg,test
861.jpg,test
862.jpg,test
863.jpg,test
864.jpg,test
865.jpg,test
866.jpg,test
867.jpg,test
868.jpg,test
869.jpg,test
870.jpg,test
871.jpg,test
872.jpg,test
873.jpg,test
874.jpg,test
875.jpg,test
876.jpg,test
877.jpg,test
878.jpg,test
879.jpg,test
880.jpg,test
881.jpg,test
882.jpg,test
883.jpg,test
884.jpg,test
885.jpg,test
886.jpg,test
887.jpg,test
888.jpg,test
889.jpg,test
890.jpg,test
891.jpg,test
892.jpg,test
893.jpg,test
894.jpg,test
895.jpg,test
896.jpg,test
897.jpg,test
898.jpg,test
899.jpg,test
900.jpg,test
901.jpg,test
902.jpg,test
903.jpg,test
904.jpg,test
905.jpg,test
906.jpg,test
907.jpg,test
908.jpg,test
909.jpg,test
910.jpg,test
911.jpg,test
912.jpg,test
913.jpg,test
914.jpg,test
915.jpg,test
916.jpg,test
917.jpg,test
918.jpg,test
919.jpg,test
920.jpg,test
921.jpg,test
922.jpg,test
923.jpg,test
924.jpg,test
925.jpg,test
926.jpg,test
927.jpg,test
928.jpg,test
929.jpg,test
930.jpg,test
931.jpg,test
932.jpg,test
933.jpg,test
934.jpg,test
935.jpg,test
936.jpg,test
937.jpg,test
938.jpg,test
939.jpg,test
940.jpg,test
941.jpg,test
942.jpg,test
943.jpg,test
944.jpg,test
945.jpg,test
946.jpg,test
947.jpg,test
948.jpg,test
949.jpg,test
950.jpg,test
951.jpg,test
952.jpg,test
953.jpg,test
954.jpg,test
955.jpg,test
956.jpg,test
957.jpg,test
958.jpg,test
959.jpg,test
960.jpg,test
961.jpg,test
962.jpg,test
963.jpg,test
964.jpg,test
965.jpg,test
966.jpg,test
967.jpg,test
968.jpg,test
969.jpg,test
970.jpg,test
971.jpg,test
972.jpg,test
973.jpg,test
974.jpg,test
975.jpg,test
976.jpg,test
977.jpg,test
978.jpg,test
979.jpg,test
980.jpg,test
981.jpg,test
982.jpg,test
983.jpg,test
984.jpg,test
985.jpg,test
986.jpg,test
987.jpg,test
988.jpg,test
989.jpg,test
990.jpg,test
991.jpg,test
992.jpg,test
993.jpg,test
994.jpg,test
995.jpg,test
996.jpg,test
997.jpg,test
998.jpg,test
999.jpg,test
1000.jpg,test
1001.jpg,test
1002.jpg,test
1003.jpg,test
1004.jpg,test
1005.jpg,test
1006.jpg,test
1007.jpg,test
1008.jpg,test
1009.jpg,test
1010.jpg,test
1011.jpg,test
1012.jpg,test
1013.jpg,test
1014.jpg,test
1015.jpg,test
1016.jpg,test
1017.jpg,test
1018.jpg,test
1019.jpg,test
1020.jpg,test
1021.jpg,test
1022.jpg,test
1023.jpg,test
1024.jpg,test
1025.jpg,test
1026.jpg,test
1027.jpg,test
1028.jpg,test
1029.jpg,test
1030.jpg,test
1031.jpg,test
1032.jpg,test
1033.jpg,test
1034.jpg,test
1035.jpg,test
1036.jpg,test
1037.jpg,test
1038.jpg,test
1039.jpg,test
1040.jpg,test
1041.jpg,test
1042.jpg,test
1043.jpg,test
1044.jpg,test
1045.jpg,test
1046.jpg,test
1047.jpg,test
1048.jpg,test
1049.jpg,test
1050.jpg,test
1051.jpg,test
1052.jpg,test
1053.jpg,test
1054.jpg,test
1055.jpg,test
1056.jpg,test
1057.jpg,test
1058.jpg,test
1059.jpg,test
1060.jpg,test
1061.jpg,test
1062.jpg,test
1063.jpg,test
1064.jpg,test
1065.jpg,test
1066.jpg,test
1067.jpg,test
1068.jpg,test
1069.jpg,test
1070.jpg,test
1071.jpg,test
1072.jpg,test
1073.jpg,test
1074.jpg,test
1075.jpg,test
1076.jpg,test
1077.jpg,test
1078.jpg,test
1079.jpg,test
1080.jpg,test
1081.jpg,test
1082.jpg,test
1083.jpg,test
1084.jpg,test
1085.jpg,test
1086.jpg,test
1087.jpg,test
1088.jpg,test
1089.jpg,test
1090.jpg,test
1091.jpg,test
1092.jpg,test
1093.jpg,test
1094.jpg,test
1095.jpg,test
1096.jpg,test
1097.jpg,test
1098.jpg,test
1099.jpg,test
1100.jpg,test
1101.jpg,test
1102.jpg,test
1103.jpg,test
1104.jpg,test
1105.jpg,test
1106.jpg,test
1107.jpg,test
1108.jpg,test
1109.jpg,test
1110.jpg,test
1111.jpg,test
1112.jpg,test
1113.jpg,test
1114.jpg,test
1115.jpg,test
1116.jpg,test
1117.jpg,test
1118.jpg,test
1119.jpg,test
1120.jpg,test
1121.jpg,test
1122.jpg,test
1123.jpg,test
1124.jpg,test
1125.jpg,test
1126.jpg,test
1127.jpg,test
1128.jpg,test
1129.jpg,test
1130.jpg,test
1131.jpg,test
1132.jpg,test
1133.jpg,test
1134.jpg,test
1135.jpg,test
1136.jpg,test
1137.jpg,test
1138.jpg,test
1139.jpg,test
1140.jpg,test
1141.jpg,test
1142.jpg,test
1143.jpg,test
1144.jpg,test
1145.jpg,test
1146.jpg,test
1147.jpg,test
1148.jpg,test
1149.jpg,test
1150.jpg,test
1151.jpg,test
1152.jpg,test
1153.jpg,test
1154.jpg,test
1155.jpg,test
1156.jpg,test
1157.jpg,test
1158.jpg,test
1159.jpg,test
1160.jpg,test
1161.jpg,test
1162.jpg,test
1163.jpg,test
1164.jpg,test
1165.jpg,test
1166.jpg,test
1167.jpg,test
1168.jpg,test
1169.jpg,test
1170.jpg,test
1171.jpg,test
1172.jpg,test
1173.jpg,test
1174.jpg,test
1175.jpg,test
1176.jpg,test
1177.jpg,test
1178.jpg,test
1179.jpg,test
1180.jpg,test
1181.jpg,test
1182.jpg,test
1183.jpg,test
1184.jpg,test
1185.jpg,test
1186.jpg,test
1187.jpg,test
1188.jpg,test
1189.jpg,test
1190.jpg,test
1191.jpg,test
1192.jpg,test
1193.jpg,test
1194.jpg,test
1195.jpg,test
1196.jpg,test
1197.jpg,test
1198.jpg,test
1199.jpg,test
1200.jpg,test
1201.jpg,test
1202.jpg,test
1203.jpg,test
1204.jpg,test
1205.jpg,test
1206.jpg,test
1207.jpg,test
1208.jpg,test
1209.jpg,test
1210.jpg,test
1211.jpg,test
1212.jpg,test
1213.jpg,test
1214.jpg,test
1215.jpg,test
1216.jpg,test
1217.jpg,test
1218.jpg,test
1219.jpg,test
1220.jpg,test
1221.jpg,test
1222.jpg,test
1223.jpg,test
1224.jpg,test
1225.jpg,test
1226.jpg,test
1227.jpg,test
1228.jpg,test
1229.jpg,test
1230.jpg,test
1231.jpg,test
1232.jpg,test
1233.jpg,test
1234.jpg,test
1235.jpg,test
1236.jpg,test
1237.jpg,test
1238.jpg,test
1239.jpg,test
1240.jpg,test
1241.jpg,test
1242.jpg,test
1243.jpg,test
1244.jpg,test
1245.jpg,test
1246.jpg,test
1247.jpg,test
1248.jpg,test
1249.jpg,test
1250.jpg,test
1251.jpg,test
1252.jpg,test
1253.jpg,test
1254.jpg,test
1255.jpg,test
1256.jpg,test
1257.jpg,test
1258.jpg,test
1259.jpg,test
1260.jpg,test
1261.jpg,test
1262.jpg,test
1263.jpg,test
1264.jpg,test
1265.jpg,test
1266.jpg,test
1267.jpg,test
1268.jpg,test
1269.jpg,test
1270.jpg,test
1271.jpg,test
1272.jpg,test
1273.jpg,test
1274.jpg,test
1275.jpg,test
1276.jpg,test
1277.jpg,test
1278.jpg,test
1279.jpg,test
1280.jpg,test
1281.jpg,test
1282.jpg,test
1283.jpg,test
1284.jpg,test
1285.jpg,test
1286.jpg,test
1287.jpg,test
1288.jpg,test
1289.jpg,test
1290.jpg,test
1291.jpg,test
1292.jpg,test
1293.jpg,test
1294.jpg,test
1295.jpg,test
1296.jpg,test
1297.jpg,test
1298.jpg,test
1299.jpg,test
1300.jpg,test
1301.jpg,test
1302.jpg,test
1303.jpg,test
1304.jpg,test
1305.jpg,test
1306.jpg,test
1307.jpg,test
1308.jpg,test
1309.jpg,test
1310.jpg,test
1311.jpg,test
1312.jpg,test
1313.jpg,test
1314.jpg,test
1315.jpg,test
1316.jpg,test
1317.jpg,test
1318.jpg,test
1319.jpg,test
1320.jpg,test
1321.jpg,test
1322.jpg,test
1323.jpg,test
1324.jpg,test
1325.jpg,test
1326.jpg,test
1327.jpg,test
1328.jpg,test
1329.jpg,test
1330.jpg,test
1331.jpg,test
1332.jpg,test
1333.jpg,test
1334.jpg,test
1335.jpg,test
1336.jpg,test
1337.jpg,test
1338.jpg,test
1339.jpg,test
1340.jpg,test
1341.jpg,test
1342.jpg,test
1343.jpg,test
1344.jpg,test
1345.jpg,test
1346.jpg,test
1347.jpg,test
1348.jpg,test
1349.jpg,test
1350.jpg,test
1351.jpg,test
1352.jpg,test
1353.jpg,test
1354.jpg,test
1355.jpg,test
1356.jpg,test
1357.jpg,test
1358.jpg,test
1359.jpg,test
1360.jpg,test
1361.jpg,test
1362.jpg,test
1363.jpg,test
1364.jpg,test
1365.jpg,test
1366.jpg,test
1367.jpg,test
1368.jpg,test
1369.jpg,test
1370.jpg,test
1371.jpg,test
1372.jpg,test
1373.jpg,test
1374.jpg,test
1375.jpg,test
1376.jpg,test
1377.jpg,test
1378.jpg,test
1379.jpg,test
1380.jpg,test
1381.jpg,test
1382.jpg,test
1383.jpg,test
1384.jpg,test
1385.jpg,test
1386.jpg,test
1387.jpg,test
1388.jpg,test
1389.jpg,test
1390.jpg,test
1391.jpg,test
1392.jpg,test
1393.jpg,test
1394.jpg,test
1395.jpg,test
1396.jpg,test
1397.jpg,test
1398.jpg,test
1399.jpg,test
1400.jpg,test
1401.jpg,test
1402.jpg,test
1403.jpg,test
1404.jpg,test
1405.jpg,test
1406.jpg,test
1407.jpg,test
1408.jpg,test
1409.jpg,test
1410.jpg,test
1411.jpg,test
1412.jpg,test
1413.jpg,test
1414.jpg,test
1415.jpg,test
1416.jpg,test
1417.jpg,test
1418.jpg,test
1419.jpg,test
1420.jpg,test
1421.jpg,test
1422.jpg,test
1423.jpg,test
1424.jpg,test
1425.jpg,test
1426.jpg,test
1427.jpg,test
1428.jpg,test
1429.jpg,test
1430.jpg,test
1431.jpg,test
1432.jpg,test
1433.jpg,test
1434.jpg,test
1435.jpg,test
1436.jpg,test
1437.jpg,test
1438.jpg,test
1439.jpg,test
1440.jpg,test
1441.jpg,test
1442.jpg,test
1443.jpg,test
1444.jpg,test
1445.jpg,test
1446.jpg,test
1447.jpg,test
1448.jpg,test
1449.jpg,test
1450.jpg,test
1451.jpg,test
1452.jpg,test
1453.jpg,test
1454.jpg,test
1455.jpg,test
1456.jpg,test
1457.jpg,test
1458.jpg,test
1459.jpg,test
1460.jpg,test
1461.jpg,test
1462.jpg,test
1463.jpg,test
1464.jpg,test
1465.jpg,test
1466.jpg,test
1467.jpg,test
1468.jpg,test
1469.jpg,test
1470.jpg,test
1471.jpg,test
1472.jpg,test
1473.jpg,test
1474.jpg,test
1475.jpg,test
1476.jpg,test
1477.jpg,test
1478.jpg,test
1479.jpg,test
1480.jpg,test
1481.jpg,test
1482.jpg,test
1483.jpg,test
1484.jpg,test
1485.jpg,test
1486.jpg,test
1487.jpg,test
1488.jpg,test
1489.jpg,test
1490.jpg,test
1491.jpg,test
1492.jpg,test
1493.jpg,test
1494.jpg,test
1495.jpg,test
1496.jpg,test
1497.jpg,test
1498.jpg,test
1499.jpg,test
1500.jpg,test
1501.jpg,test
1502.jpg,test
1503.jpg,test
1504.jpg,test
1505.jpg,test
1506.jpg,test
1507.jpg,test
1508.jpg,test
1509.jpg,test
1510.jpg,test
1511.jpg,test
1512.jpg,test
1513.jpg,test
1514.jpg,test
1515.jpg,test
1516.jpg,test
1517.jpg,test
1518.jpg,test
1519.jpg,test
1520.jpg,test
1521.jpg,test
1522.jpg,test
1523.jpg,test
1524.jpg,test
1525.jpg,test
1526.jpg,test
1527.jpg,test
1528.jpg,test
1529.jpg,test
1530.jpg,test
1531.jpg,test
1532.jpg,test
1533.jpg,test
1534.jpg,test
1535.jpg,test
1536.jpg,test
1537.jpg,test
1538.jpg,test
1539.jpg,test
1540.jpg,test
1541.jpg,test
1542.jpg,test
1543.jpg,test
1544.jpg,test
1545.jpg,test
1546.jpg,test
1547.jpg,test
1548.jpg,test
1549.jpg,test
1550.jpg,test
1551.jpg,test
1552.jpg,test
1553.jpg,test
1554.jpg,test
1555.jpg,test
1556.jpg,test
1557.jpg,test
1558.jpg,test
1559.jpg,test
1560.jpg,test
1561.jpg,test
1562.jpg,test
1563.jpg,test
1564.jpg,test
1565.jpg,test
1566.jpg,test
1567.jpg,test
1568.jpg,test
1569.jpg,test
1570.jpg,test
1571.jpg,test
1572.jpg,test
1573.jpg,test
1574.jpg,test
1575.jpg,test
1576.jpg,test
1577.jpg,test
1578.jpg,test
1579.jpg,test
1580.jpg,test
1581.jpg,test
1582.jpg,test
1583.jpg,test
1584.jpg,test
1585.jpg,test
1586.jpg,test
1587.jpg,test
1588.jpg,test
1589.jpg,test
1590.jpg,test
1591.jpg,test
1592.jpg,test
1593.jpg,test
1594.jpg,test
1595.jpg,test
1596.jpg,test
1597.jpg,test
1598.jpg,test
1599.jpg,test
1600.jpg,test
1601.jpg,test
1602.jpg,test
1603.jpg,test
1604.jpg,test
1605.jpg,test
1606.jpg,test
1607.jpg,test
1608.jpg,test
1609.jpg,test
1610.jpg,test
1611.jpg,test
1612.jpg,test
1613.jpg,test
1614.jpg,test
1615.jpg,test
1616.jpg,test
1617.jpg,test
1618.jpg,test
1619.jpg,test
1620.jpg,test
1621.jpg,test
1622.jpg,test
1623.jpg,test
1624.jpg,test
1625.jpg,test
1626.jpg,test
1627.jpg,test
1628.jpg,test
1629.jpg,test
1630.jpg,test
1631.jpg,test
1632.jpg,test
1633.jpg,test
1634.jpg,test
1635.jpg,test
1636.jpg,test
1637.jpg,test
1638.jpg,test
1639.jpg,test
1640.jpg,test
1641.jpg,test
1642.jpg,test
1643.jpg,test
1644.jpg,test
1645.jpg,test
1646.jpg,test
1647.jpg,test
1648.jpg,test
1649.jpg,test
1650.jpg,test
1651.jpg,test
1652.jpg,test
1653.jpg,test
1654.jpg,test
1655.jpg,test
1656.jpg,test
1657.jpg,test
1658.jpg,test
1659.jpg,test
1660.jpg,test
1661.jpg,test
1662.jpg,test
1663.jpg,test
1664.jpg,test
1665.jpg,test
1666.jpg,test
1667.jpg,test
1668.jpg,test
1669.jpg,test
1670.jpg,test
1671.jpg,test
1672.jpg,test
1673.jpg,test
1674.jpg,test
1675.jpg,test
1676.jpg,test
1677.jpg,test
1678.jpg,test
1679.jpg,test
1680.jpg,test
1681.jpg,test
1682.jpg,test
1683.jpg,test
1684.jpg,test
1685.jpg,test
1686.jpg,test
1687.jpg,test
1688.jpg,test
1689.jpg,test
1690.jpg,test
1691.jpg,test
1692.jpg,test
1693.jpg,test
1694.jpg,test
1695.jpg,test
1696.jpg,test
1697.jpg,test
1698.jpg,test
1699.jpg,test
1700.jpg,test
1701.jpg,test
1702.jpg,test
1703.jpg,test
1704.jpg,test
1705.jpg,test
1706.jpg,test
1707.jpg,test
1708.jpg,test
1709.jpg,test
1710.jpg,test
1711.jpg,test
1712.jpg,test
1713.jpg,test
1714.jpg,test
1715.jpg,test
1716.jpg,test
1717.jpg,test
1718.jpg,test
1719.jpg,test
1720.jpg,test
1721.jpg,test
1722.jpg,test
1723.jpg,test
1724.jpg,test
1725.jpg,test
1726.jpg,test
1727.jpg,test
1728.jpg,test
1729.jpg,test
1730.jpg,test
1731.jpg,test
1732.jpg,test
1733.jpg,test
1734.jpg,test
1735.jpg,test
1736.jpg,test
1737.jpg,test
1738.jpg,test
1739.jpg,test
1740.jpg,test
1741.jpg,test
1742.jpg,test
1743.jpg,test
1744.jpg,test
1745.jpg,test
1746.jpg,test
1747.jpg,test
1748.jpg,test
1749.jpg,test
1750.jpg,test
1751.jpg,test
1752.jpg,test
1753.jpg,test
1754.jpg,test
1755.jpg,test
1756.jpg,test
1757.jpg,test
1758.jpg,test
1759.jpg,test
1760.jpg,test
1761.jpg,test
1762.jpg,test
1763.jpg,test
1764.jpg,test
1765.jpg,test
1766.jpg,test
1767.jpg,test
1768.jpg,test
1769.jpg,test
1770.jpg,test
1771.jpg,test
1772.jpg,test
1773.jpg,test
1774.jpg,test
1775.jpg,test
1776.jpg,test
1777.jpg,test
1778.jpg,test
1779.jpg,test
1780.jpg,test
1781.jpg,test
1782.jpg,test
1783.jpg,test
1784.jpg,test
1785.jpg,test
1786.jpg,test
1787.jpg,test
1788.jpg,test
1789.jpg,test
1790.jpg,test
1791.jpg,test
1792.jpg,test
1793.jpg,test
1794.jpg,test
1795.jpg,test
1796.jpg,test
1797.jpg,test
1798.jpg,test
1799.jpg,test
1800.jpg,test
1801.jpg,test
1802.jpg,test
1803.jpg,test
1804.jpg,test
1805.jpg,test
1806.jpg,test
1807.jpg,test
1808.jpg,test
1809.jpg,test
1810.jpg,test
1811.jpg,test
1812.jpg,test
1813.jpg,test
1814.jpg,test
1815.jpg,test
1816.jpg,test
1817.jpg,test
1818.jpg,test
1819.jpg,test
1820.jpg,test
1821.jpg,test
1822.jpg,test
1823.jpg,test
1824.jpg,test
1825.jpg,test
1826.jpg,test
1827.jpg,test
1828.jpg,test
1829.jpg,test
1830.jpg,test
1831.jpg,test
1832.jpg,test
1833.jpg,test
1834.jpg,test
1835.jpg,test
1836.jpg,test
1837.jpg,test
1838.jpg,test
1839.jpg,test
1840.jpg,test
1841.jpg,test
1842.jpg,test
1843.jpg,test
1844.jpg,test
1845.jpg,test
1846.jpg,test
1847.jpg,test
1848.jpg,test
1849.jpg,test
1850.jpg,test
1851.jpg,test
1852.jpg,test
1853.jpg,test
1854.jpg,test
1855.jpg,test
1856.jpg,test
1857.jpg,test
1858.jpg,test
1859.jpg,test
1860.jpg,test
1861.jpg,test
1862.jpg,test
1863.jpg,test
1864.jpg,test
1865.jpg,test
1866.jpg,test
1867.jpg,test
1868.jpg,test
1869.jpg,test
1870.jpg,test
1871.jpg,test
1872.jpg,test
1873.jpg,test
1874.jpg,test
1875.jpg,test
1876.jpg,test
1877.jpg,test
1878.jpg,test
1879.jpg,test
1880.jpg,test
1881.jpg,test
1882.jpg,test
1883.jpg,test
1884.jpg,test
1885.jpg,test
1886.jpg,test
1887.jpg,test
1888.jpg,test
1889.jpg,test
1890.jpg,test
1891.jpg,test
1892.jpg,test
1893.jpg,test
1894.jpg,test
1895.jpg,test
1896.jpg,test
1897.jpg,test
1898.jpg,test
1899.jpg,test
1900.jpg,test
1901.jpg,test
1902.jpg,test
1903.jpg,test
1904.jpg,test
1905.jpg,test
1906.jpg,test
1907.jpg,test
1908.jpg,test
1909.jpg,test
1910.jpg,test
1911.jpg,test
1912.jpg,test
1913.jpg,test
1914.jpg,test
1915.jpg,test
1916.jpg,test
1917.jpg,test
1918.jpg,test
1919.jpg,test
1920.jpg,test
1921.jpg,test
1922.jpg,test
1923.jpg,test
1924.jpg,test
1925.jpg,test
1926.jpg,test
1927.jpg,test
1928.jpg,test
1929.jpg,test
1930.jpg,test
1931.jpg,test
1932.jpg,test
1933.jpg,test
1934.jpg,test
1935.jpg,test
1936.jpg,test
1937.jpg,test
1938.jpg,test
1939.jpg,test
1940.jpg,test
1941.jpg,test
1942.jpg,test
1943.jpg,test
1944.jpg,test
1945.jpg,test
1946.jpg,test
1947.jpg,test
1948.jpg,test
1949.jpg,test
1950.jpg,test
1951.jpg,test
1952.jpg,test
1953.jpg,test
1954.jpg,test
1955.jpg,test
1956.jpg,test
1957.jpg,test
1958.jpg,test
1959.jpg,test
1960.jpg,test
1961.jpg,test
1962.jpg,test
1963.jpg,test
1964.jpg,test
1965.jpg,test
1966.jpg,test
1967.jpg,test
1968.jpg,test
1969.jpg,test
1970.jpg,test
1971.jpg,test
1972.jpg,test
1973.jpg,test
1974.jpg,test
1975.jpg,test
1976.jpg,test
1977.jpg,test
1978.jpg,test
1979.jpg,test
1980.jpg,test
1981.jpg,test
1982.jpg,test
1983.jpg,test
1984.jpg,test
1985.jpg,test
1986.jpg,test
1987.jpg,test
1988.jpg,test
1989.jpg,test
1990.jpg,test
1991.jpg,test
1992.jpg,test
1993.jpg,test
1994.jpg,test
1995.jpg,test
1996.jpg,test
1997.jpg,test
1998.jpg,test
1999.jpg,test
2000.jpg,test
2001.jpg,test
2002.jpg,test
2003.jpg,test
2004.jpg,test
2005.jpg,test
2006.jpg,test
2007.jpg,test
2008.jpg,test
2009.jpg,test
2010.jpg,test
2011.jpg,test
2012.jpg,test
2013.jpg,test
2014.jpg,test
2015.jpg,test
2016.jpg,test
2017.jpg,test
2018.jpg,test
2019.jpg,test
2020.jpg,test
2021.jpg,test
2022.jpg,test
2023.jpg,test
2024.jpg,test
2025.jpg,test
2026.jpg,test
2027.jpg,test
2028.jpg,test
2029.jpg,test
2030.jpg,test
2031.jpg,test
2032.jpg,test
2033.jpg,test
2034.jpg,test
2035.jpg,test
2036.jpg,test
2037.jpg,test
2038.jpg,test
2039.jpg,test
2040.jpg,test
2041.jpg,test
2042.jpg,test
2043.jpg,test
2044.jpg,test
2045.jpg,test
2046.jpg,test
2047.jpg,test
2048.jpg,test
2049.jpg,test
2050.jpg,test
2051.jpg,test
2052.jpg,test
2053.jpg,test
2054.jpg,test
2055.jpg,test
2056.jpg,test
2057.jpg,test
2058.jpg,test
2059.jpg,test
2060.jpg,test
2061.jpg,test
2062.jpg,test
2063.jpg,test
2064.jpg,test
2065.jpg,test
2066.jpg,test
2067.jpg,test
2068.jpg,test
2069.jpg,test
2070.jpg,test
2071.jpg,test
2072.jpg,test
2073.jpg,test
2074.jpg,test
2075.jpg,test
2076.jpg,test
2077.jpg,test
2078.jpg,test
2079.jpg,test
2080.jpg,test
2081.jpg,test
2082.jpg,test
2083.jpg,test
2084.jpg,test
2085.jpg,test
2086.jpg,test
2087.jpg,test
2088.jpg,test
2089.jpg,test
2090.jpg,test
2091.jpg,test
2092.jpg,test
2093.jpg,test
2094.jpg,test
2095.jpg,test
2096.jpg,test
2097.jpg,test
2098.jpg,test
2099.jpg,test
2100.jpg,test
2101.jpg,test
2102.jpg,test
2103.jpg,test
2104.jpg,test
2105.jpg,test
2106.jpg,test
2107.jpg,test
2108.jpg,test
2109.jpg,test
2110.jpg,test
2111.jpg,test
2112.jpg,test
2113.jpg,test
2114.jpg,test
2115.jpg,test
2116.jpg,test
2117.jpg,test
2118.jpg,test
2119.jpg,test
2120.jpg,test
2121.jpg,test
2122.jpg,test
2123.jpg,test
2124.jpg,test
2125.jpg,test
2126.jpg,test
2127.jpg,test
2128.jpg,test
2129.jpg,test
2130.jpg,test
2131.jpg,test
2132.jpg,test
2133.jpg,test
2134.jpg,test
2135.jpg,test
2136.jpg,test
2137.jpg,test
2138.jpg,test
2139.jpg,test
2140.jpg,test
2141.jpg,test
2142.jpg,test
2143.jpg,test
2144.jpg,test
2145.jpg,test
2146.jpg,test
2147.jpg,test
2148.jpg,test
2149.jpg,test
2150.jpg,test
2151.jpg,test
2152.jpg,test
2153.jpg,test
2154.jpg,test
2155.jpg,test
2156.jpg,test
2157.jpg,test
2158.jpg,test
2159.jpg,test
2160.jpg,test
2161.jpg,test
2162.jpg,test
2163.jpg,test
2164.jpg,test
2165.jpg,test
2166.jpg,test
2167.jpg,test
2168.jpg,test
2169.jpg,test
2170.jpg,test
2171.jpg,test
2172.jpg,test
2173.jpg,test
2174.jpg,test
2175.jpg,test
2176.jpg,test
2177.jpg,test
2178.jpg,test
2179.jpg,test
2180.jpg,test
2181.jpg,test
2182.jpg,test
2183.jpg,test
2184.jpg,test
2185.jpg,test
2186.jpg,test
2187.jpg,test
2188.jpg,test
2189.jpg,test
2190.jpg,test
2191.jpg,test
2192.jpg,test
2193.jpg,test
2194.jpg,test
2195.jpg,test
2196.jpg,test
2197.jpg,test
2198.jpg,test
2199.jpg,test
2200.jpg,test
2201.jpg,test
2202.jpg,test
2203.jpg,test
2204.jpg,test
2205.jpg,test
2206.jpg,test
2207.jpg,test
2208.jpg,test
2209.jpg,test
2210.jpg,test
2211.jpg,test
2212.jpg,test
2213.jpg,test
2214.jpg,test
2215.jpg,test
2216.jpg,test
2217.jpg,test
2218.jpg,test
2219.jpg,test
2220.jpg,test
2221.jpg,test
2222.jpg,test
2223.jpg,test
2224.jpg,test
2225.jpg,test
2226.jpg,test
2227.jpg,test
2228.jpg,test
2229.jpg,test
2230.jpg,test
2231.jpg,test
2232.jpg,test
2233.jpg,test
2234.jpg,test
2235.jpg,test
2236.jpg,test
2237.jpg,test
2238.jpg,test
2239.jpg,test
2240.jpg,test
2241.jpg,test
2242.jpg,test
2243.jpg,test
2244.jpg,test
2245.jpg,test
2246.jpg,test
2247.jpg,test
2248.jpg,test
2249.jpg,test
2250.jpg,test
2251.jpg,test
2252.jpg,test
2253.jpg,test
2254.jpg,test
2255.jpg,test
2256.jpg,test
2257.jpg,test
2258.jpg,test
2259.jpg,test
2260.jpg,test
2261.jpg,test
2262.jpg,test
2263.jpg,test
2264.jpg,test
2265.jpg,test
2266.jpg,test
2267.jpg,test
2268.jpg,test
2269.jpg,test
2270.jpg,test
2271.jpg,test
2272.jpg,test
2273.jpg,test
2274.jpg,test
2275.jpg,test
2276.jpg,test
2277.jpg,test
2278.jpg,test
2279.jpg,test
2280.jpg,test
2281.jpg,test
2282.jpg,test
2283.jpg,test
2284.jpg,test
2285.jpg,test
2286.jpg,test
2287.jpg,test
2288.jpg,test
2289.jpg,test
2290.jpg,test
2291.jpg,test
2292.jpg,test
2293.jpg,test
2294.jpg,test
2295.jpg,test
2296.jpg,test
2297.jpg,test
2298.jpg,test
2299.jpg,test
2300.jpg,test
2301.jpg,test
2302.jpg,test
2303.jpg,test
2304.jpg,test
2305.jpg,test
2306.jpg,test
2307.jpg,test
2308.jpg,test
2309.jpg,test
2310.jpg,test
2311.jpg,test
2312.jpg,test
2313.jpg,test
2314.jpg,test
2315.jpg,test
2316.jpg,test
2317.jpg,test
2318.jpg,test
2319.jpg,test
2320.jpg,test
2321.jpg,test
2322.jpg,test
2323.jpg,test
2324.jpg,test
2325.jpg,test
2326.jpg,test
2327.jpg,test
2328.jpg,test
2329.jpg,test
2330.jpg,test
2331.jpg,test
2332.jpg,test
2333.jpg,test
2334.jpg,test
2335.jpg,test
2336.jpg,test
2337.jpg,test
2338.jpg,test
2339.jpg,test
2340.jpg,test
2341.jpg,test
2342.jpg,test
2343.jpg,test
2344.jpg,test
2345.jpg,test
2346.jpg,test
2347.jpg,test
2348.jpg,test
2349.jpg,test
2350.jpg,test
2351.jpg,test
2352.jpg,test
2353.jpg,test
2354.jpg,test
2355.jpg,test
2356.jpg,test
2357.jpg,test
2358.jpg,test
2359.jpg,test
2360.jpg,test
2361.jpg,test
2362.jpg,test
2363.jpg,test
2364.jpg,test
2365.jpg,test
2366.jpg,test
2367.jpg,test
2368.jpg,test
2369.jpg,test
2370.jpg,test
2371.jpg,test
2372.jpg,test
2373.jpg,test
2374.jpg,test
2375.jpg,test
2376.jpg,test
2377.jpg,test
2378.jpg,test
2379.jpg,test
2380.jpg,test
2381.jpg,test
2382.jpg,test
2383.jpg,test
2384.jpg,test
2385.jpg,test
2386.jpg,test
2387.jpg,test
2388.jpg,test
2389.jpg,test
2390.jpg,test
2391.jpg,test
2392.jpg,test
2393.jpg,test
2394.jpg,test
2395.jpg,test
2396.jpg,test
2397.jpg,test
2398.jpg,test
2399.jpg,test
2400.jpg,test
2401.jpg,test
2402.jpg,test
2403.jpg,test
2404.jpg,test
2405.jpg,test
2406.jpg,test
2407.jpg,test
2408.jpg,test
2409.jpg,test
2410.jpg,test
2411.jpg,test
2412.jpg,test
2413.jpg,test
2414.jpg,test
2415.jpg,test
2416.jpg,test
2417.jpg,test
2418.jpg,test
2419.jpg,test
2420.jpg,test
2421.jpg,test
2422.jpg,test
2423.jpg,test
2424.jpg,test
2425.jpg,test
2426.jpg,test
2427.jpg,test
2428.jpg,test
2429.jpg,test
2430.jpg,test
2431.jpg,test
2432.jpg,test
2433.jpg,test
2434.jpg,test
2435.jpg,test
2436.jpg,test
2437.jpg,test
2438.jpg,test
2439.jpg,test
2440.jpg,test
2441.jpg,test
2442.jpg,test
2443.jpg,test
2444.jpg,test
2445.jpg,test
2446.jpg,test
2447.jpg,test
2448.jpg,test
2449.jpg,test
2450.jpg,test
2451.jpg,test
2452.jpg,test
2453.jpg,test
2454.jpg,test
2455.jpg,test
2456.jpg,test
2457.jpg,test
2458.jpg,test
2459.jpg,test
2460.jpg,test
2461.jpg,test
2462.jpg,test
2463.jpg,test
2464.jpg,test
2465.jpg,test
2466.jpg,test
2467.jpg,test
2468.jpg,test
2469.jpg,test
2470.jpg,test
2471.jpg,test
2472.jpg,test
2473.jpg,test
2474.jpg,test
2475.jpg,test
2476.jpg,test
2477.jpg,test
2478.jpg,test
2479.jpg,test
2480.jpg,test
2481.jpg,test
2482.jpg,test
2483.jpg,test
2484.jpg,test
2485.jpg,test
2486.jpg,test
2487.jpg,test
2488.jpg,test
2489.jpg,test
2490.jpg,test
2491.jpg,test
2492.jpg,test
2493.jpg,test
2494.jpg,test
2495.jpg,test
2496.jpg,test
2497.jpg,test
2498.jpg,test
2499.jpg,test
2500.jpg,test
2501.jpg,test
2502.jpg,test
2503.jpg,test
2504.jpg,test
2505.jpg,test
2506.jpg,test
2507.jpg,test
2508.jpg,test
2509.jpg,test
2510.jpg,test
2511.jpg,test
2512.jpg,test
2513.jpg,test
2514.jpg,test
2515.jpg,test
2516.jpg,test
2517.jpg,test
2518.jpg,test
2519.jpg,test
2520.jpg,test
2521.jpg,test
2522.jpg,test
2523.jpg,test
2524.jpg,test
2525.jpg,test
2526.jpg,test
2527.jpg,test
2528.jpg,test
2529.jpg,test
2530.jpg,test
2531.jpg,test
2532.jpg,test
2533.jpg,test
2534.jpg,test
2535.jpg,test
2536.jpg,test
2537.jpg,test
2538.jpg,test
2539.jpg,test
2540.jpg,test
2541.jpg,test
2542.jpg,test
2543.jpg,test
2544.jpg,test
2545.jpg,test
2546.jpg,test
2547.jpg,test
2548.jpg,test
2549.jpg,test
2550.jpg,test
2551.jpg,test
2552.jpg,test
2553.jpg,test
2554.jpg,test
2555.jpg,test
2556.jpg,test
2557.jpg,test
2558.jpg,test
2559.jpg,test
2560.jpg,test
2561.jpg,test
2562.jpg,test
2563.jpg,test
2564.jpg,test
2565.jpg,test
2566.jpg,test
2567.jpg,test
2568.jpg,test
2569.jpg,test
2570.jpg,test
2571.jpg,test
2572.jpg,test
2573.jpg,test
2574.jpg,test
2575.jpg,test
2576.jpg,test
2577.jpg,test
2578.jpg,test
2579.jpg,test
2580.jpg,test
2581.jpg,test
2582.jpg,test
2583.jpg,test
2584.jpg,test
2585.jpg,test
2586.jpg,test
2587.jpg,test
2588.jpg,test
2589.jpg,test
2590.jpg,test
2591.jpg,test
2592.jpg,test
2593.jpg,test
2594.jpg,test
2595.jpg,test
2596.jpg,test
2597.jpg,test
2598.jpg,test
2599.jpg,test
2600.jpg,test
2601.jpg,test
2602.jpg,test
2603.jpg,test
2604.jpg,test
2605.jpg,test
2606.jpg,test
2607.jpg,test
2608.jpg,test
2609.jpg,test
2610.jpg,test
2611.jpg,test
2612.jpg,test
2613.jpg,test
2614.jpg,test
2615.jpg,test
2616.jpg,test
2617.jpg,test
2618.jpg,test
2619.jpg,test
2620.jpg,test
2621.jpg,test
2622.jpg,test
2623.jpg,test
2624.jpg,test
2625.jpg,test
2626.jpg,test
2627.jpg,test
2628.jpg,test
2629.jpg,test
2630.jpg,test
2631.jpg,test
2632.jpg,test
2633.jpg,test
2634.jpg,test
2635.jpg,test
2636.jpg,test
2637.jpg,test
2638.jpg,test
2639.jpg,test
2640.jpg,test
2641.jpg,test
2642.jpg,test
2643.jpg,test
2644.jpg,test
2645.jpg,test
2646.jpg,test
2647.jpg,test
2648.jpg,test
2649.jpg,test
2650.jpg,test
2651.jpg,test
2652.jpg,test
2653.jpg,test
2654.jpg,test
2655.jpg,test
2656.jpg,test
2657.jpg,test
2658.jpg,test
2659.jpg,test
2660.jpg,test
2661.jpg,test
2662.jpg,test
2663.jpg,test
2664.jpg,test
2665.jpg,test
2666.jpg,test
2667.jpg,test
2668.jpg,test
2669.jpg,test
2670.jpg,test
2671.jpg,test
2672.jpg,test
2673.jpg,test
2674.jpg,test
2675.jpg,test
2676.jpg,test
2677.jpg,test
2678.jpg,test
2679.jpg,test
2680.jpg,test
2681.jpg,test
2682.jpg,test
2683.jpg,test
2684.jpg,test
2685.jpg,test
2686.jpg,test
2687.jpg,test
2688.jpg,test
2689.jpg,test
2690.jpg,test
2691.jpg,test
2692.jpg,test
2693.jpg,test
2694.jpg,test
2695.jpg,test
2696.jpg,test
2697.jpg,test
2698.jpg,test
2699.jpg,test
2700.jpg,test
2701.jpg,test
2702.jpg,test
2703.jpg,test
2704.jpg,test
2705.jpg,test
2706.jpg,test
2707.jpg,test
2708.jpg,test
2709.jpg,test
2710.jpg,test
2711.jpg,test
2712.jpg,test
2713.jpg,test
2714.jpg,test
2715.jpg,test
2716.jpg,test
2717.jpg,test
2718.jpg,test
2719.jpg,test
2720.jpg,test
2721.jpg,test
2722.jpg,test
2723.jpg,test
2724.jpg,test
2725.jpg,test
2726.jpg,test
2727.jpg,test
2728.jpg,test
2729.jpg,test
2730.jpg,test
2731.jpg,test
2732.jpg,test
2733.jpg,test
2734.jpg,test
2735.jpg,test
2736.jpg,test
2737.jpg,test
2738.jpg,test
2739.jpg,test
2740.jpg,test
2741.jpg,test
2742.jpg,test
2743.jpg,test
2744.jpg,test
2745.jpg,test
2746.jpg,test
2747.jpg,test
2748.jpg,test
2749.jpg,test
2750.jpg,test
2751.jpg,test
2752.jpg,test
2753.jpg,test
2754.jpg,test
2755.jpg,test
2756.jpg,test
2757.jpg,test
2758.jpg,test
2759.jpg,test
2760.jpg,test
2761.jpg,test
2762.jpg,test
2763.jpg,test
2764.jpg,test
2765.jpg,test
2766.jpg,test
2767.jpg,test
2768.jpg,test
2769.jpg,test
2770.jpg,test
2771.jpg,test
2772.jpg,test
2773.jpg,test
2774.jpg,test
2775.jpg,test
2776.jpg,test
2777.jpg,test
2778.jpg,test
2779.jpg,test
2780.jpg,test
2781.jpg,test
2782.jpg,test
2783.jpg,test
2784.jpg,test
2785.jpg,test
2786.jpg,test
2787.jpg,test
2788.jpg,test
2789.jpg,test
2790.jpg,test
2791.jpg,test
2792.jpg,test
2793.jpg,test
2794.jpg,test
2795.jpg,test
2796.jpg,test
2797.jpg,test
2798.jpg,test
2799.jpg,test
2800.jpg,test
2801.jpg,test
2802.jpg,test
2803.jpg,test
2804.jpg,test
2805.jpg,test
2806.jpg,test
2807.jpg,test
2808.jpg,test
2809.jpg,test
2810.jpg,test
2811.jpg,test
2812.jpg,test
2813.jpg,test
2814.jpg,test
2815.jpg,test
2816.jpg,test
2817.jpg,test
2818.jpg,test
2819.jpg,test
2820.jpg,test
2821.jpg,test
2822.jpg,test
2823.jpg,test
2824.jpg,test
2825.jpg,test
2826.jpg,test
2827.jpg,test
2828.jpg,test
2829.jpg,test
2830.jpg,test
2831.jpg,test
2832.jpg,test
2833.jpg,test
2834.jpg,test
2835.jpg,test
2836.jpg,test
2837.jpg,test
2838.jpg,test
2839.jpg,test
2840.jpg,test
2841.jpg,test
2842.jpg,test
2843.jpg,test
2844.jpg,test
2845.jpg,test
2846.jpg,test
2847.jpg,test
2848.jpg,test
2849.jpg,test
2850.jpg,test
2851.jpg,test
2852.jpg,test
2853.jpg,test
2854.jpg,test
2855.jpg,test
2856.jpg,test
2857.jpg,test
2858.jpg,test
2859.jpg,test
2860.jpg,test
2861.jpg,test
2862.jpg,test
2863.jpg,test
2864.jpg,test
2865.jpg,test
2866.jpg,test
2867.jpg,test
2868.jpg,test
2869.jpg,test
2870.jpg,test
2871.jpg,test
2872.jpg,test
2873.jpg,test
2874.jpg,test
2875.jpg,test
2876.jpg,test
2877.jpg,test
2878.jpg,test
2879.jpg,test
2880.jpg,test
2881.jpg,test
2882.jpg,test
2883.jpg,test
2884.jpg,test
2885.jpg,test
2886.jpg,test
2887.jpg,test
2888.jpg,test
2889.jpg,test
2890.jpg,test
2891.jpg,test
2892.jpg,test
2893.jpg,test
2894.jpg,test
2895.jpg,test
2896.jpg,test
2897.jpg,test
2898.jpg,test
2899.jpg,test
2900.jpg,test
2901.jpg,test
2902.jpg,test
2903.jpg,test
2904.jpg,test
2905.jpg,test
2906.jpg,test
2907.jpg,test
2908.jpg,test
2909.jpg,test
2910.jpg,test
2911.jpg,test
2912.jpg,test
2913.jpg,test
2914.jpg,test
2915.jpg,test
2916.jpg,test
2917.jpg,test
2918.jpg,test
2919.jpg,test
2920.jpg,test
2921.jpg,test
2922.jpg,test
2923.jpg,test
2924.jpg,test
2925.jpg,test
2926.jpg,test
2927.jpg,test
2928.jpg,test
2929.jpg,test
2930.jpg,test
2931.jpg,test
2932.jpg,test
2933.jpg,test
2934.jpg,test
2935.jpg,test
2936.jpg,test
2937.jpg,test
2938.jpg,test
2939.jpg,test
2940.jpg,test
2941.jpg,test
2942.jpg,test
2943.jpg,test
2944.jpg,test
2945.jpg,test
2946.jpg,test
2947.jpg,test
2948.jpg,test
2949.jpg,test
2950.jpg,test
2951.jpg,test
2952.jpg,test
2953.jpg,test
2954.jpg,test
2955.jpg,test
2956.jpg,test
2957.jpg,test
2958.jpg,test
2959.jpg,test
2960.jpg,test
2961.jpg,test
2962.jpg,test
2963.jpg,test
2964.jpg,test
2965.jpg,test
2966.jpg,test
2967.jpg,test
2968.jpg,test
2969.jpg,test
2970.jpg,test
2971.jpg,test
2972.jpg,test
2973.jpg,test
2974.jpg,test
2975.jpg,test
2976.jpg,test
2977.jpg,test
2978.jpg,test
2979.jpg,test
2980.jpg,test
2981.jpg,test
2982.jpg,test
2983.jpg,test
2984.jpg,test
2985.jpg,test
2986.jpg,test
2987.jpg,test
2988.jpg,test
2989.jpg,test
2990.jpg,test
2991.jpg,test
2992.jpg,test
2993.jpg,test
2994.jpg,test
2995.jpg,test
2996.jpg,test
2997.jpg,test
2998.jpg,test
2999.jpg,test
3000.jpg,test
3001.jpg,test
3002.jpg,test
3003.jpg,test
3004.jpg,test
3005.jpg,test
3006.jpg,test
3007.jpg,test
3008.jpg,test
3009.jpg,test
3010.jpg,test
3011.jpg,test
3012.jpg,test
3013.jpg,test
3014.jpg,test
3015.jpg,test
3016.jpg,test
3017.jpg,test
3018.jpg,test
3019.jpg,test
3020.jpg,test
3021.jpg,test
3022.jpg,test
3023.jpg,test
3024.jpg,test
3025.jpg,test
3026.jpg,test
3027.jpg,test
3028.jpg,test
3029.jpg,test
3030.jpg,test
3031.jpg,test
3032.jpg,test
3033.jpg,test
3034.jpg,test
3035.jpg,test
3036.jpg,test
3037.jpg,test
3038.jpg,test
3039.jpg,test
3040.jpg,test
3041.jpg,test
3042.jpg,test
3043.jpg,test
3044.jpg,test
3045.jpg,test
3046.jpg,test
3047.jpg,test
3048.jpg,test
3049.jpg,test
3050.jpg,test
3051.jpg,test
3052.jpg,test
3053.jpg,test
3054.jpg,test
3055.jpg,test
3056.jpg,test
3057.jpg,test
3058.jpg,test
3059.jpg,test
3060.jpg,test
3061.jpg,test
3062.jpg,test
3063.jpg,test
3064.jpg,test
3065.jpg,test
3066.jpg,test
3067.jpg,test
3068.jpg,test
3069.jpg,test
3070.jpg,test
3071.jpg,test
3072.jpg,test
3073.jpg,test
3074.jpg,test
3075.jpg,test
3076.jpg,test
3077.jpg,test
3078.jpg,test
3079.jpg,test
3080.jpg,test
3081.jpg,test
3082.jpg,test
3083.jpg,test
3084.jpg,test
3085.jpg,test
3086.jpg,test
3087.jpg,test
3088.jpg,test
3089.jpg,test
3090.jpg,test
3091.jpg,test
3092.jpg,test
3093.jpg,test
3094.jpg,test
3095.jpg,test
3096.jpg,test
3097.jpg,test
3098.jpg,test
3099.jpg,test
3100.jpg,test
3101.jpg,test
3102.jpg,test
3103.jpg,test
3104.jpg,test
3105.jpg,test
3106.jpg,test
3107.jpg,test
3108.jpg,test
3109.jpg,test
3110.jpg,test
3111.jpg,test
3112.jpg,test
3113.jpg,test
3114.jpg,test
3115.jpg,test
3116.jpg,test
3117.jpg,test
3118.jpg,test
3119.jpg,test
3120.jpg,test
3121.jpg,test
3122.jpg,test
3123.jpg,test
3124.jpg,test
3125.jpg,test
3126.jpg,test
3127.jpg,test
3128.jpg,test
3129.jpg,test
3130.jpg,test
3131.jpg,test
3132.jpg,test
3133.jpg,test
3134.jpg,test
3135.jpg,test
3136.jpg,test
3137.jpg,test
3138.jpg,test
3139.jpg,test
3140.jpg,test
3141.jpg,test
3142.jpg,test
3143.jpg,test
3144.jpg,test
3145.jpg,test
3146.jpg,test
3147.jpg,test
3148.jpg,test
3149.jpg,test
3150.jpg,test
3151.jpg,test
3152.jpg,test
3153.jpg,test
3154.jpg,test
3155.jpg,test
3156.jpg,test
3157.jpg,test
3158.jpg,test
3159.jpg,test
3160.jpg,test
3161.jpg,test
3162.jpg,test
3163.jpg,test
3164.jpg,test
3165.jpg,test
3166.jpg,test
3167.jpg,test
3168.jpg,test
3169.jpg,test
3170.jpg,test
3171.jpg,test
3172.jpg,test
3173.jpg,test
3174.jpg,test
3175.jpg,test
3176.jpg,test
3177.jpg,test
3178.jpg,test
3179.jpg,test
3180.jpg,test
3181.jpg,test
3182.jpg,test
3183.jpg,test
3184.jpg,test
3185.jpg,test
3186.jpg,test
3187.jpg,test
3188.jpg,test
3189.jpg,test
3190.jpg,test
3191.jpg,test
3192.jpg,test
3193.jpg,test
3194.jpg,test
3195.jpg,test
3196.jpg,test
3197.jpg,test
3198.jpg,test
3199.jpg,test
3200.jpg,test
3201.jpg,test
3202.jpg,test
3203.jpg,test
3204.jpg,test
3205.jpg,test
3206.jpg,test
3207.jpg,test
3208.jpg,test
3209.jpg,test
3210.jpg,test
3211.jpg,test
3212.jpg,test
3213.jpg,test
3214.jpg,test
3215.jpg,test
3216.jpg,test
3217.jpg,test
3218.jpg,test
3219.jpg,test
3220.jpg,test
3221.jpg,test
3222.jpg,test
3223.jpg,test
3224.jpg,test
3225.jpg,test
3226.jpg,test
3227.jpg,test
3228.jpg,test
3229.jpg,test
3230.jpg,test
3231.jpg,test
3232.jpg,test
3233.jpg,test
3234.jpg,test
3235.jpg,test
3236.jpg,test
3237.jpg,test
3238.jpg,test
3239.jpg,test
3240.jpg,test
3241.jpg,test
3242.jpg,test
3243.jpg,test
3244.jpg,test
3245.jpg,test
3246.jpg,test
3247.jpg,test
3248.jpg,test
3249.jpg,test
3250.jpg,test
3251.jpg,test
3252.jpg,test
3253.jpg,test
3254.jpg,test
3255.jpg,test
3256.jpg,test
3257.jpg,test
3258.jpg,test
3259.jpg,test
3260.jpg,test
3261.jpg,test
3262.jpg,test
3263.jpg,test
3264.jpg,test
3265.jpg,test
3266.jpg,test
3267.jpg,test
3268.jpg,test
3269.jpg,test
3270.jpg,test
3271.jpg,test
3272.jpg,test
3273.jpg,test
3274.jpg,test
3275.jpg,test
3276.jpg,test
3277.jpg,test
3278.jpg,test
3279.jpg,test
3280.jpg,test
3281.jpg,test
3282.jpg,test
3283.jpg,test
3284.jpg,test
3285.jpg,test
3286.jpg,test
3287.jpg,test
3288.jpg,test
3289.jpg,test
3290.jpg,test
3291.jpg,test
3292.jpg,test
3293.jpg,test
3294.jpg,test
3295.jpg,test
3296.jpg,test
3297.jpg,test
3298.jpg,test
3299.jpg,test
3300.jpg,test
3301.jpg,test
3302.jpg,test
3303.jpg,test
3304.jpg,test
3305.jpg,test
3306.jpg,test
3307.jpg,test
3308.jpg,test
3309.jpg,test
3310.jpg,test
3311.jpg,test
3312.jpg,test
3313.jpg,test
3314.jpg,test
3315.jpg,test
3316.jpg,test
3317.jpg,test
3318.jpg,test
3319.jpg,test
3320.jpg,test
3321.jpg,test
3322.jpg,test
3323.jpg,test
3324.jpg,test
3325.jpg,test
3326.jpg,test
3327.jpg,test
3328.jpg,test
3329.jpg,test
3330.jpg,test
3331.jpg,test
3332.jpg,test
3333.jpg,test
3334.jpg,test
3335.jpg,test
3336.jpg,test
3337.jpg,test
3338.jpg,test
3339.jpg,test
3340.jpg,test
3341.jpg,test
3342.jpg,test
3343.jpg,test
3344.jpg,test
3345.jpg,test
3346.jpg,test
3347.jpg,test
3348.jpg,test
3349.jpg,test
3350.jpg,test
3351.jpg,test
3352.jpg,test
3353.jpg,test
3354.jpg,test
3355.jpg,test
3356.jpg,test
3357.jpg,test
3358.jpg,test
3359.jpg,test
3360.jpg,test
3361.jpg,test
3362.jpg,test
3363.jpg,test
3364.jpg,test
3365.jpg,test
3366.jpg,test
3367.jpg,test
3368.jpg,test
3369.jpg,test
3370.jpg,test
3371.jpg,test
3372.jpg,test
3373.jpg,test
3374.jpg,test
3375.jpg,test
3376.jpg,test
3377.jpg,test
3378.jpg,test
3379.jpg,test
3380.jpg,test
3381.jpg,test
3382.jpg,test
3383.jpg,test
3384.jpg,test
3385.jpg,test
3386.jpg,test
3387.jpg,test
3388.jpg,test
3389.jpg,test
3390.jpg,test
3391.jpg,test
3392.jpg,test
3393.jpg,test
3394.jpg,test
3395.jpg,test
3396.jpg,test
3397.jpg,test
3398.jpg,test
3399.jpg,test
3400.jpg,test
3401.jpg,test
3402.jpg,test
3403.jpg,test
3404.jpg,test
3405.jpg,test
3406.jpg,test
3407.jpg,test
3408.jpg,test
3409.jpg,test
3410.jpg,test
3411.jpg,test
3412.jpg,test
3413.jpg,test
3414.jpg,test
3415.jpg,test
3416.jpg,test
3417.jpg,test
3418.jpg,test
3419.jpg,test
3420.jpg,test
3421.jpg,test
3422.jpg,test
3423.jpg,test
3424.jpg,test
3425.jpg,test
3426.jpg,test
3427.jpg,test
3428.jpg,test
3429.jpg,test
3430.jpg,test
3431.jpg,test
3432.jpg,test
3433.jpg,test
3434.jpg,test
3435.jpg,test
3436.jpg,test
3437.jpg,test
3438.jpg,test
3439.jpg,test
3440.jpg,test
3441.jpg,test
3442.jpg,test
3443.jpg,test
3444.jpg,test
3445.jpg,test
3446.jpg,test
3447.jpg,test
3448.jpg,test
3449.jpg,test
3450.jpg,test
3451.jpg,test
3452.jpg,test
3453.jpg,test
3454.jpg,test
3455.jpg,test
3456.jpg,test
3457.jpg,test
3458.jpg,test
3459.jpg,test
3460.jpg,test
3461.jpg,test
3462.jpg,test
3463.jpg,test
3464.jpg,test
3465.jpg,test
3466.jpg,test
3467.jpg,test
3468.jpg,test
3469.jpg,test
3470.jpg,test
3471.jpg,test
3472.jpg,test
3473.jpg,test
3474.jpg,test
3475.jpg,test
3476.jpg,test
3477.jpg,test
3478.jpg,test
3479.jpg,test
3480.jpg,test
3481.jpg,test
3482.jpg,test
3483.jpg,test
3484.jpg,test
3485.jpg,test
3486.jpg,test
3487.jpg,test
3488.jpg,test
3489.jpg,test
3490.jpg,test
3491.jpg,test
3492.jpg,test
3493.jpg,test
3494.jpg,test
3495.jpg,test
3496.jpg,test
3497.jpg,test
3498.jpg,test
3499.jpg,test
3500.jpg,test
3501.jpg,test
3502.jpg,test
3503.jpg,test
3504.jpg,test
3505.jpg,test
3506.jpg,test
3507.jpg,test
3508.jpg,test
3509.jpg,test
3510.jpg,test
3511.jpg,test
3512.jpg,test
3513.jpg,test
3514.jpg,test
3515.jpg,test
3516.jpg,test
3517.jpg,test
3518.jpg,test
3519.jpg,test
3520.jpg,test
3521.jpg,test
3522.jpg,test
3523.jpg,test
3524.jpg,test
3525.jpg,test
3526.jpg,test
3527.jpg,test
3528.jpg,test
3529.jpg,test
3530.jpg,test
3531.jpg,test
3532.jpg,test
3533.jpg,test
3534.jpg,test
3535.jpg,test
3536.jpg,test
3537.jpg,test
3538.jpg,test
3539.jpg,test
3540.jpg,test
3541.jpg,test
3542.jpg,test
3543.jpg,test
3544.jpg,test
3545.jpg,test
3546.jpg,test
3547.jpg,test
3548.jpg,test
3549.jpg,test
3550.jpg,test
3551.jpg,test
3552.jpg,test
3553.jpg,test
3554.jpg,test
3555.jpg,test
3556.jpg,test
3557.jpg,test
3558.jpg,test
3559.jpg,test
3560.jpg,test
3561.jpg,test
3562.jpg,test
3563.jpg,test
3564.jpg,test
3565.jpg,test
3566.jpg,test
3567.jpg,test
3568.jpg,test
3569.jpg,test
3570.jpg,test
3571.jpg,test
3572.jpg,test
3573.jpg,test
3574.jpg,test
3575.jpg,test
3576.jpg,test
3577.jpg,test
3578.jpg,test
3579.jpg,test
3580.jpg,test
3581.jpg,test
3582.jpg,test
3583.jpg,test
3584.jpg,test
3585.jpg,test
3586.jpg,test
3587.jpg,test
3588.jpg,test
3589.jpg,test
3590.jpg,test
3591.jpg,test
3592.jpg,test
3593.jpg,test
3594.jpg,test
3595.jpg,test
3596.jpg,test
3597.jpg,test
3598.jpg,test
3599.jpg,test
3600.jpg,test
3601.jpg,test
3602.jpg,test
3603.jpg,test
3604.jpg,test
3605.jpg,test
3606.jpg,test
3607.jpg,test
3608.jpg,test
3609.jpg,test
3610.jpg,test
3611.jpg,test
3612.jpg,test
3613.jpg,test
3614.jpg,test
3615.jpg,test
3616.jpg,test
3617.jpg,test
3618.jpg,test
3619.jpg,test
3620.jpg,test
3621.jpg,test
3622.jpg,test
3623.jpg,test
3624.jpg,test
3625.jpg,test
3626.jpg,test
3627.jpg,test
3628.jpg,test
3629.jpg,test
3630.jpg,test
3631.jpg,test
3632.jpg,test
3633.jpg,test
3634.jpg,test
3635.jpg,test
3636.jpg,test
3637.jpg,test
3638.jpg,test
3639.jpg,test
3640.jpg,test
3641.jpg,test
3642.jpg,test
3643.jpg,test
3644.jpg,test
3645.jpg,test
3646.jpg,test
3647.jpg,test
3648.jpg,test
3649.jpg,test
3650.jpg,test
3651.jpg,test
3652.jpg,test
3653.jpg,test
3654.jpg,test
3655.jpg,test
3656.jpg,test
3657.jpg,test
3658.jpg,test
3659.jpg,test
3660.jpg,test
3661.jpg,test
3662.jpg,test
3663.jpg,test
3664.jpg,test
3665.jpg,test
3666.jpg,test
3667.jpg,test
3668.jpg,test
3669.jpg,test
3670.jpg,test
3671.jpg,test
3672.jpg,test
3673.jpg,test
3674.jpg,test
3675.jpg,test
3676.jpg,test
3677.jpg,test
3678.jpg,test
3679.jpg,test
3680.jpg,test
3681.jpg,test
3682.jpg,test
3683.jpg,test
3684.jpg,test
3685.jpg,test
3686.jpg,test
3687.jpg,test
3688.jpg,test
3689.jpg,test
3690.jpg,test
3691.jpg,test
3692.jpg,test
3693.jpg,test
3694.jpg,test
3695.jpg,test
3696.jpg,test
3697.jpg,test
3698.jpg,test
3699.jpg,test
3700.jpg,test
3701.jpg,test
3702.jpg,test
3703.jpg,test
3704.jpg,test
3705.jpg,test
3706.jpg,test
3707.jpg,test
3708.jpg,test
3709.jpg,test
3710.jpg,test
3711.jpg,test
3712.jpg,test
3713.jpg,test
3714.jpg,test
3715.jpg,test
3716.jpg,test
3717.jpg,test
3718.jpg,test
3719.jpg,test
3720.jpg,test
3721.jpg,test
3722.jpg,test
3723.jpg,test
3724.jpg,test
3725.jpg,test
3726.jpg,test
3727.jpg,test
3728.jpg,test
3729.jpg,test
3730.jpg,test
3731.jpg,test
3732.jpg,test
3733.jpg,test
3734.jpg,test
3735.jpg,test
3736.jpg,test
3737.jpg,test
3738.jpg,test
3739.jpg,test
3740.jpg,test
3741.jpg,test
3742.jpg,test
3743.jpg,test
3744.jpg,test
3745.jpg,test
3746.jpg,test
3747.jpg,test
3748.jpg,test
3749.jpg,test
3750.jpg,test
3751.jpg,test
3752.jpg,test
3753.jpg,test
3754.jpg,test
3755.jpg,test
3756.jpg,test
3757.jpg,test
3758.jpg,test
3759.jpg,test
3760.jpg,test
3761.jpg,test
3762.jpg,test
3763.jpg,test
3764.jpg,test
3765.jpg,test
3766.jpg,test
3767.jpg,test
3768.jpg,test
3769.jpg,test
3770.jpg,test
3771.jpg,test
3772.jpg,test
3773.jpg,test
3774.jpg,test
3775.jpg,test
3776.jpg,test
3777.jpg,test
3778.jpg,test
3779.jpg,test
3780.jpg,test
3781.jpg,test
3782.jpg,test
3783.jpg,test
3784.jpg,test
3785.jpg,test
3786.jpg,test
3787.jpg,test
3788.jpg,test
3789.jpg,test
3790.jpg,test
3791.jpg,test
3792.jpg,test
3793.jpg,test
3794.jpg,test
3795.jpg,test
3796.jpg,test
3797.jpg,test
3798.jpg,test
3799.jpg,test
3800.jpg,test
3801.jpg,test
3802.jpg,test
3803.jpg,test
3804.jpg,test
3805.jpg,test
3806.jpg,test
3807.jpg,test
3808.jpg,test
3809.jpg,test
3810.jpg,test
3811.jpg,test
3812.jpg,test
3813.jpg,test
3814.jpg,test
3815.jpg,test
3816.jpg,test
3817.jpg,test
3818.jpg,test
3819.jpg,test
3820.jpg,test
3821.jpg,test
3822.jpg,test
3823.jpg,test
3824.jpg,test
3825.jpg,test
3826.jpg,test
3827.jpg,test
3828.jpg,test
3829.jpg,test
3830.jpg,test
3831.jpg,test
3832.jpg,test
3833.jpg,test
3834.jpg,test
3835.jpg,test
3836.jpg,test
3837.jpg,test
3838.jpg,test
3839.jpg,test
3840.jpg,test
3841.jpg,test
3842.jpg,test
3843.jpg,test
3844.jpg,test
3845.jpg,test
3846.jpg,test
3847.jpg,test
3848.jpg,test
3849.jpg,test
3850.jpg,test
3851.jpg,test
3852.jpg,test
3853.jpg,test
3854.jpg,test
3855.jpg,test
3856.jpg,test
3857.jpg,test
3858.jpg,test
3859.jpg,test
3860.jpg,test
3861.jpg,test
3862.jpg,test
3863.jpg,test
3864.jpg,test
3865.jpg,test
3866.jpg,test
3867.jpg,test
3868.jpg,test
3869.jpg,test
3870.jpg,test
3871.jpg,test
3872.jpg,test
3873.jpg,test
3874.jpg,test
3875.jpg,test
3876.jpg,test
3877.jpg,test
3878.jpg,test
3879.jpg,test
3880.jpg,test
3881.jpg,test
3882.jpg,test
3883.jpg,test
3884.jpg,test
3885.jpg,test
3886.jpg,test
3887.jpg,test
3888.jpg,test
3889.jpg,test
3890.jpg,test
3891.jpg,test
3892.jpg,test
3893.jpg,test
3894.jpg,test
3895.jpg,test
3896.jpg,test
3897.jpg,test
3898.jpg,test
3899.jpg,test
3900.jpg,test
3901.jpg,test
3902.jpg,test
3903.jpg,test
3904.jpg,test
3905.jpg,test
3906.jpg,test
3907.jpg,test
3908.jpg,test
3909.jpg,test
3910.jpg,test
3911.jpg,test
3912.jpg,test
3913.jpg,test
3914.jpg,test
3915.jpg,test
3916.jpg,test
3917.jpg,test
3918.jpg,test
3919.jpg,test
3920.jpg,test
3921.jpg,test
3922.jpg,test
3923.jpg,test
3924.jpg,test
3925.jpg,test
3926.jpg,test
3927.jpg,test
3928.jpg,test
3929.jpg,test
3930.jpg,test
3931.jpg,test
3932.jpg,test
3933.jpg,test
3934.jpg,test
3935.jpg,test
3936.jpg,test
3937.jpg,test
3938.jpg,test
3939.jpg,test
3940.jpg,test
3941.jpg,test
3942.jpg,test
3943.jpg,test
3944.jpg,test
3945.jpg,test
3946.jpg,test
3947.jpg,test
3948.jpg,test
3949.jpg,test
3950.jpg,test
3951.jpg,test
3952.jpg,test
3953.jpg,test
3954.jpg,test
3955.jpg,test
3956.jpg,test
3957.jpg,test
3958.jpg,test
3959.jpg,test
3960.jpg,test
3961.jpg,test
3962.jpg,test
3963.jpg,test
3964.jpg,test
3965.jpg,test
3966.jpg,test
3967.jpg,test
3968.jpg,test
3969.jpg,test
3970.jpg,test
3971.jpg,test
3972.jpg,test
3973.jpg,test
3974.jpg,test
3975.jpg,test
3976.jpg,test
3977.jpg,test
3978.jpg,test
3979.jpg,test
3980.jpg,test
3981.jpg,test
3982.jpg,test
3983.jpg,test
3984.jpg,test
3985.jpg,test
3986.jpg,test
3987.jpg,test
3988.jpg,test
3989.jpg,test
3990.jpg,test
3991.jpg,test
3992.jpg,test
3993.jpg,test
3994.jpg,test
3995.jpg,test
3996.jpg,test
3997.jpg,test
3998.jpg,test
3999.jpg,test
4000.jpg,test
4001.jpg,test
4002.jpg,test
4003.jpg,test
4004.jpg,test
4005.jpg,test
4006.jpg,test
4007.jpg,test
4008.jpg,test
4009.jpg,test
4010.jpg,test
4011.jpg,test
4012.jpg,test
4013.jpg,test
4014.jpg,test
4015.jpg,test
4016.jpg,test
4017.jpg,test
4018.jpg,test
4019.jpg,test
4020.jpg,test
4021.jpg,test
4022.jpg,test
4023.jpg,test
4024.jpg,test
4025.jpg,test
4026.jpg,test
4027.jpg,test
4028.jpg,test
4029.jpg,test
4030.jpg,test
4031.jpg,test
4032.jpg,test
4033.jpg,test
4034.jpg,test
4035.jpg,test
4036.jpg,test
4037.jpg,test
4038.jpg,test
4039.jpg,test
4040.jpg,test
4041.jpg,test
4042.jpg,test
4043.jpg,test
4044.jpg,test
4045.jpg,test
4046.jpg,test
4047.jpg,test
4048.jpg,test
4049.jpg,test
4050.jpg,test
4051.jpg,test
4052.jpg,test
4053.jpg,test
4054.jpg,test
4055.jpg,test
4056.jpg,test
4057.jpg,test
4058.jpg,test
4059.jpg,test
4060.jpg,test
4061.jpg,test
4062.jpg,test
4063.jpg,test
4064.jpg,test
4065.jpg,test
4066.jpg,test
4067.jpg,test
4068.jpg,test
4069.jpg,test
4070.jpg,test
4071.jpg,test
4072.jpg,test
4073.jpg,test
4074.jpg,test
4075.jpg,test
4076.jpg,test
4077.jpg,test
4078.jpg,test
4079.jpg,test
4080.jpg,test
4081.jpg,test
4082.jpg,test
4083.jpg,test
4084.jpg,test
4085.jpg,test
4086.jpg,test
4087.jpg,test
4088.jpg,test
4089.jpg,test
4090.jpg,test
4091.jpg,test
4092.jpg,test
4093.jpg,test
4094.jpg,test
4095.jpg,test
4096.jpg,test
4097.jpg,test
4098.jpg,test
4099.jpg,test
4100.jpg,test
4101.jpg,test
4102.jpg,test
4103.jpg,test
4104.jpg,test
4105.jpg,test
4106.jpg,test
4107.jpg,test
4108.jpg,test
4109.jpg,test
4110.jpg,test
4111.jpg,test
4112.jpg,test
4113.jpg,test
4114.jpg,test
4115.jpg,test
4116.jpg,test
4117.jpg,test
4118.jpg,test
4119.jpg,test
4120.jpg,test
4121.jpg,test
4122.jpg,test
4123.jpg,test
4124.jpg,test
4125.jpg,test
4126.jpg,test
4127.jpg,test
4128.jpg,test
4129.jpg,test
4130.jpg,test
4131.jpg,test
4132.jpg,test
4133.jpg,test
4134.jpg,test
4135.jpg,test
4136.jpg,test
4137.jpg,test
4138.jpg,test
4139.jpg,test
4140.jpg,test
4141.jpg,test
4142.jpg,test
4143.jpg,test
4144.jpg,test
4145.jpg,test
4146.jpg,test
4147.jpg,test
4148.jpg,test
4149.jpg,test
4150.jpg,test
4151.jpg,test
4152.jpg,test
4153.jpg,test
4154.jpg,test
4155.jpg,test
4156.jpg,test
4157.jpg,test
4158.jpg,test
4159.jpg,test
4160.jpg,test
4161.jpg,test
4162.jpg,test
4163.jpg,test
4164.jpg,test
4165.jpg,test
4166.jpg,test
4167.jpg,test
4168.jpg,test
4169.jpg,test
4170.jpg,test
4171.jpg,test
4172.jpg,test
4173.jpg,test
4174.jpg,test
4175.jpg,test
4176.jpg,test
4177.jpg,test
4178.jpg,test
4179.jpg,test
4180.jpg,test
4181.jpg,test
4182.jpg,test
4183.jpg,test
4184.jpg,test
4185.jpg,test
4186.jpg,test
4187.jpg,test
4188.jpg,test
4189.jpg,test
4190.jpg,test
4191.jpg,test
4192.jpg,test
4193.jpg,test
4194.jpg,test
4195.jpg,test
4196.jpg,test
4197.jpg,test
4198.jpg,test
4199.jpg,test
4200.jpg,test
4201.jpg,test
4202.jpg,test
4203.jpg,test
4204.jpg,test
4205.jpg,test
4206.jpg,test
4207.jpg,test
4208.jpg,test
4209.jpg,test
4210.jpg,test
4211.jpg,test
4212.jpg,test
4213.jpg,test
4214.jpg,test
4215.jpg,test
4216.jpg,test
4217.jpg,test
4218.jpg,test
4219.jpg,test
4220.jpg,test
4221.jpg,test
4222.jpg,test
4223.jpg,test
4224.jpg,test
4225.jpg,test
4226.jpg,test
4227.jpg,test
4228.jpg,test
4229.jpg,test
4230.jpg,test
4231.jpg,test
4232.jpg,test
4233.jpg,test
4234.jpg,test
4235.jpg,test
4236.jpg,test
4237.jpg,test
4238.jpg,test
4239.jpg,test
4240.jpg,test
4241.jpg,test
4242.jpg,test
4243.jpg,test
4244.jpg,test
4245.jpg,test
4246.jpg,test
4247.jpg,test
4248.jpg,test
4249.jpg,test
4250.jpg,test
4251.jpg,test
4252.jpg,test
4253.jpg,test
4254.jpg,test
4255.jpg,test
4256.jpg,test
4257.jpg,test
4258.jpg,test
4259.jpg,test
4260.jpg,test
4261.jpg,test
4262.jpg,test
4263.jpg,test
4264.jpg,test
4265.jpg,test
4266.jpg,test
4267.jpg,test
4268.jpg,test
4269.jpg,test
4270.jpg,test
4271.jpg,test
4272.jpg,test
4273.jpg,test
4274.jpg,test
4275.jpg,test
4276.jpg,test
4277.jpg,test
4278.jpg,test
4279.jpg,test
4280.jpg,test
4281.jpg,test
4282.jpg,test
4283.jpg,test
4284.jpg,test
4285.jpg,test
4286.jpg,test
4287.jpg,test
4288.jpg,test
4289.jpg,test
4290.jpg,test
4291.jpg,test
4292.jpg,test
4293.jpg,test
4294.jpg,test
4295.jpg,test
4296.jpg,test
4297.jpg,test
4298.jpg,test
4299.jpg,test
4300.jpg,test
4301.jpg,test
4302.jpg,test
4303.jpg,test
4304.jpg,test
4305.jpg,test
4306.jpg,test
4307.jpg,test
4308.jpg,test
4309.jpg,test
4310.jpg,test
4311.jpg,test
4312.jpg,test
4313.jpg,test
4314.jpg,test
4315.jpg,test
4316.jpg,test
4317.jpg,test
4318.jpg,test
4319.jpg,test
4320.jpg,test
4321.jpg,test
4322.jpg,test
4323.jpg,test
4324.jpg,test
4325.jpg,test
4326.jpg,test
4327.jpg,test
4328.jpg,test
4329.jpg,test
4330.jpg,test
4331.jpg,test
4332.jpg,test
4333.jpg,test
4334.jpg,test
4335.jpg,test
4336.jpg,test
4337.jpg,test
4338.jpg,test
4339.jpg,test
4340.jpg,test
4341.jpg,test
4342.jpg,test
4343.jpg,test
4344.jpg,test
4345.jpg,test
4346.jpg,test
4347.jpg,test
4348.jpg,test
4349.jpg,test
4350.jpg,test
4351.jpg,test
4352.jpg,test
4353.jpg,test
4354.jpg,test
4355.jpg,test
4356.jpg,test
4357.jpg,test
4358.jpg,test
4359.jpg,test
4360.jpg,test
4361.jpg,test
4362.jpg,test
4363.jpg,test
4364.jpg,test
4365.jpg,test
4366.jpg,test
4367.jpg,test
4368.jpg,test
4369.jpg,test
4370.jpg,test
4371.jpg,test
4372.jpg,test
4373.jpg,test
4374.jpg,test
4375.jpg,test
4376.jpg,test
4377.jpg,test
4378.jpg,test
4379.jpg,test
4380.jpg,test
4381.jpg,test
4382.jpg,test
4383.jpg,test
4384.jpg,test
4385.jpg,test
4386.jpg,test
4387.jpg,test
4388.jpg,test
4389.jpg,test
4390.jpg,test
4391.jpg,test
4392.jpg,test
4393.jpg,test
4394.jpg,test
4395.jpg,test
4396.jpg,test
4397.jpg,test
4398.jpg,test
4399.jpg,test
4400.jpg,test
4401.jpg,test
4402.jpg,test
4403.jpg,test
4404.jpg,test
4405.jpg,test
4406.jpg,test
4407.jpg,test
4408.jpg,test
4409.jpg,test
4410.jpg,test
4411.jpg,test
4412.jpg,test
4413.jpg,test
4414.jpg,test
4415.jpg,test
4416.jpg,test
4417.jpg,test
4418.jpg,test
4419.jpg,test
4420.jpg,test
4421.jpg,test
4422.jpg,test
4423.jpg,test
4424.jpg,test
4425.jpg,test
4426.jpg,test
4427.jpg,test
4428.jpg,test
4429.jpg,test
4430.jpg,test
4431.jpg,test
4432.jpg,test
4433.jpg,test
4434.jpg,test
4435.jpg,test
4436.jpg,test
4437.jpg,test
4438.jpg,test
4439.jpg,test
4440.jpg,test
4441.jpg,test
4442.jpg,test
4443.jpg,test
4444.jpg,test
4445.jpg,test
4446.jpg,test
4447.jpg,test
4448.jpg,test
4449.jpg,test
4450.jpg,test
4451.jpg,test
4452.jpg,test
4453.jpg,test
4454.jpg,test
4455.jpg,test
4456.jpg,test
4457.jpg,test
4458.jpg,test
4459.jpg,test
4460.jpg,test
4461.jpg,test
4462.jpg,test
4463.jpg,test
4464.jpg,test
4465.jpg,test
4466.jpg,test
4467.jpg,test
4468.jpg,test
4469.jpg,test
4470.jpg,test
4471.jpg,test
4472.jpg,test
4473.jpg,test
4474.jpg,test
4475.jpg,test
4476.jpg,test
4477.jpg,test
4478.jpg,test
4479.jpg,test
4480.jpg,test
4481.jpg,test
4482.jpg,test
4483.jpg,test
4484.jpg,test
4485.jpg,test
4486.jpg,test
4487.jpg,test
4488.jpg,test
4489.jpg,test
4490.jpg,test
4491.jpg,test
4492.jpg,test
4493.jpg,test
4494.jpg,test
4495.jpg,test
4496.jpg,test
4497.jpg,test
4498.jpg,test
4499.jpg,test
4500.jpg,test
4501.jpg,test
4502.jpg,test
4503.jpg,test
4504.jpg,test
4505.jpg,test
4506.jpg,test
4507.jpg,test
4508.jpg,test
4509.jpg,test
4510.jpg,test
4511.jpg,test
4512.jpg,test
4513.jpg,test
4514.jpg,test
4515.jpg,test
4516.jpg,test
4517.jpg,test
4518.jpg,test
4519.jpg,test
4520.jpg,test
4521.jpg,test
4522.jpg,test
4523.jpg,test
4524.jpg,test
4525.jpg,test
4526.jpg,test
4527.jpg,test
4528.jpg,test
4529.jpg,test
4530.jpg,test
4531.jpg,test
4532.jpg,test
4533.jpg,test
4534.jpg,test
4535.jpg,test
4536.jpg,test
4537.jpg,test
4538.jpg,test
4539.jpg,test
4540.jpg,test
4541.jpg,test
4542.jpg,test
4543.jpg,test
4544.jpg,test
4545.jpg,test
4546.jpg,test
4547.jpg,test
4548.jpg,test
4549.jpg,test
4550.jpg,test
4551.jpg,test
4552.jpg,test
4553.jpg,test
4554.jpg,test
4555.jpg,test
4556.jpg,test
4557.jpg,test
4558.jpg,test
4559.jpg,test
4560.jpg,test
4561.jpg,test
4562.jpg,test
4563.jpg,test
4564.jpg,test
4565.jpg,test
4566.jpg,test
4567.jpg,test
4568.jpg,test
4569.jpg,test
4570.jpg,test
4571.jpg,test
4572.jpg,test
4573.jpg,test
4574.jpg,test
4575.jpg,test
4576.jpg,test
4577.jpg,test
4578.jpg,test
4579.jpg,test
4580.jpg,test
4581.jpg,test
4582.jpg,test
4583.jpg,test
4584.jpg,test
4585.jpg,test
4586.jpg,test
4587.jpg,test
4588.jpg,test
4589.jpg,test
4590.jpg,test
4591.jpg,test
4592.jpg,test
4593.jpg,test
4594.jpg,test
4595.jpg,test
4596.jpg,test
4597.jpg,test
4598.jpg,test
4599.jpg,test
4600.jpg,test
4601.jpg,test
4602.jpg,test
4603.jpg,test
4604.jpg,test
4605.jpg,test
4606.jpg,test
4607.jpg,test
4608.jpg,test
4609.jpg,test
4610.jpg,test
4611.jpg,test
4612.jpg,test
4613.jpg,test
4614.jpg,test
4615.jpg,test
4616.jpg,test
4617.jpg,test
4618.jpg,test
4619.jpg,test
4620.jpg,test
4621.jpg,test
4622.jpg,test
4623.jpg,test
4624.jpg,test
4625.jpg,test
4626.jpg,test
4627.jpg,test
4628.jpg,test
4629.jpg,test
4630.jpg,test
4631.jpg,test
4632.jpg,test
4633.jpg,test
4634.jpg,test
4635.jpg,test
4636.jpg,test
4637.jpg,test
4638.jpg,test
4639.jpg,test
4640.jpg,test
4641.jpg,test
4642.jpg,test
4643.jpg,test
4644.jpg,test
4645.jpg,test
4646.jpg,test
4647.jpg,test
4648.jpg,test
4649.jpg,test
4650.jpg,test
4651.jpg,test
4652.jpg,test
4653.jpg,test
4654.jpg,test
4655.jpg,test
4656.jpg,test
4657.jpg,test
4658.jpg,test
4659.jpg,test
4660.jpg,test
4661.jpg,test
4662.jpg,test
4663.jpg,test
4664.jpg,test
4665.jpg,test
4666.jpg,test
4667.jpg,test
4668.jpg,test
4669.jpg,test
4670.jpg,test
4671.jpg,test
4672.jpg,test
4673.jpg,test
4674.jpg,test
4675.jpg,test
4676.jpg,test
4677.jpg,test
4678.jpg,test
4679.jpg,test
4680.jpg,test
4681.jpg,test
4682.jpg,test
4683.jpg,test
4684.jpg,test
4685.jpg,test
4686.jpg,test
4687.jpg,test
4688.jpg,test
4689.jpg,test
4690.jpg,test
4691.jpg,test
4692.jpg,test
4693.jpg,test
4694.jpg,test
4695.jpg,test
4696.jpg,test
4697.jpg,test
4698.jpg,test
4699.jpg,test
4700.jpg,test
4701.jpg,test
4702.jpg,test
4703.jpg,test
4704.jpg,test
4705.jpg,test
4706.jpg,test
4707.jpg,test
4708.jpg,test
4709.jpg,test
4710.jpg,test
4711.jpg,test
4712.jpg,test
4713.jpg,test
4714.jpg,test
4715.jpg,test
4716.jpg,test
4717.jpg,test
4718.jpg,test
4719.jpg,test
4720.jpg,test
4721.jpg,test
4722.jpg,test
4723.jpg,test
4724.jpg,test
4725.jpg,test
4726.jpg,test
4727.jpg,test
4728.jpg,test
4729.jpg,test
4730.jpg,test
4731.jpg,test
4732.jpg,test
4733.jpg,test
4734.jpg,test
4735.jpg,test
4736.jpg,test
4737.jpg,test
4738.jpg,test
4739.jpg,test
4740.jpg,test
4741.jpg,test
4742.jpg,test
4743.jpg,test
4744.jpg,test
4745.jpg,test
4746.jpg,test
4747.jpg,test
4748.jpg,test
4749.jpg,test
4750.jpg,test
4751.jpg,test
4752.jpg,test
4753.jpg,test
4754.jpg,test
4755.jpg,test
4756.jpg,test
4757.jpg,test
4758.jpg,test
4759.jpg,test
4760.jpg,test
4761.jpg,test
4762.jpg,test
4763.jpg,test
4764.jpg,test
4765.jpg,test
4766.jpg,test
4767.jpg,test
4768.jpg,test
4769.jpg,test
4770.jpg,test
4771.jpg,test
4772.jpg,test
4773.jpg,test
4774.jpg,test
4775.jpg,test
4776.jpg,test
4777.jpg,test
4778.jpg,test
4779.jpg,test
4780.jpg,test
4781.jpg,test
4782.jpg,test
4783.jpg,test
4784.jpg,test
4785.jpg,test
4786.jpg,test
4787.jpg,test
4788.jpg,test
4789.jpg,test
4790.jpg,test
4791.jpg,test
4792.jpg,test
4793.jpg,test
4794.jpg,test
4795.jpg,test
4796.jpg,test
4797.jpg,test
4798.jpg,test
4799.jpg,test
4800.jpg,test
4801.jpg,test
4802.jpg,test
4803.jpg,test
4804.jpg,test
4805.jpg,test
4806.jpg,test
4807.jpg,test
4808.jpg,test
4809.jpg,test
4810.jpg,test
4811.jpg,test
4812.jpg,test
4813.jpg,test
4814.jpg,test
4815.jpg,test
4816.jpg,test
4817.jpg,test
4818.jpg,test
4819.jpg,test
4820.jpg,test
4821.jpg,test
4822.jpg,test
4823.jpg,test
4824.jpg,test
4825.jpg,test
4826.jpg,test
4827.jpg,test
4828.jpg,test
4829.jpg,test
4830.jpg,test
4831.jpg,test
4832.jpg,test
4833.jpg,test
4834.jpg,test
4835.jpg,test
4836.jpg,test
4837.jpg,test
4838.jpg,test
4839.jpg,test
4840.jpg,test
4841.jpg,test
4842.jpg,test
4843.jpg,test
4844.jpg,test
4845.jpg,test
4846.jpg,test
4847.jpg,test
4848.jpg,test
4849.jpg,test
4850.jpg,test
4851.jpg,test
4852.jpg,test
4853.jpg,test
4854.jpg,test
4855.jpg,test
4856.jpg,test
4857.jpg,test
4858.jpg,test
4859.jpg,test
4860.jpg,test
4861.jpg,test
4862.jpg,test
4863.jpg,test
4864.jpg,test
4865.jpg,test
4866.jpg,test
4867.jpg,test
4868.jpg,test
4869.jpg,test
4870.jpg,test
4871.jpg,test
4872.jpg,test
4873.jpg,test
4874.jpg,test
4875.jpg,test
4876.jpg,test
4877.jpg,test
4878.jpg,test
4879.jpg,test
4880.jpg,test
4881.jpg,test
4882.jpg,test
4883.jpg,test
4884.jpg,test
4885.jpg,test
4886.jpg,test
4887.jpg,test
4888.jpg,test
4889.jpg,test
4890.jpg,test
4891.jpg,test
4892.jpg,test
4893.jpg,test
4894.jpg,test
4895.jpg,test
4896.jpg,test
4897.jpg,test
4898.jpg,test
4899.jpg,test
4900.jpg,test
4901.jpg,test
4902.jpg,test
4903.jpg,test
4904.jpg,test
4905.jpg,test
4906.jpg,test
4907.jpg,test
4908.jpg,test
4909.jpg,test
4910.jpg,test
4911.jpg,test
4912.jpg,test
4913.jpg,test
4914.jpg,test
4915.jpg,test
4916.jpg,test
4917.jpg,test
4918.jpg,test
4919.jpg,test
4920.jpg,test
4921.jpg,test
4922.jpg,test
4923.jpg,test
4924.jpg,test
4925.jpg,test
4926.jpg,test
4927.jpg,test
4928.jpg,test
4929.jpg,test
4930.jpg,test
4931.jpg,test
4932.jpg,test
4933.jpg,test
4934.jpg,test
4935.jpg,test
4936.jpg,test
4937.jpg,test
4938.jpg,test
4939.jpg,test
4940.jpg,test
4941.jpg,test
4942.jpg,test
4943.jpg,test
4944.jpg,test
4945.jpg,test
4946.jpg,test
4947.jpg,test
4948.jpg,test
4949.jpg,test
4950.jpg,test
4951.jpg,test
4952.jpg,test
4953.jpg,test
4954.jpg,test
4955.jpg,test
4956.jpg,test
4957.jpg,test
4958.jpg,test
4959.jpg,test
4960.jpg,test
4961.jpg,test
4962.jpg,test
4963.jpg,test
4964.jpg,test
4965.jpg,test
4966.jpg,test
4967.jpg,test
4968.jpg,test
4969.jpg,test
4970.jpg,test
4971.jpg,test
4972.jpg,test
4973.jpg,test
4974.jpg,test
4975.jpg,test
4976.jpg,test
4977.jpg,test
4978.jpg,test
4979.jpg,test
4980.jpg,test
4981.jpg,test
4982.jpg,test
4983.jpg,test
4984.jpg,test
4985.jpg,test
4986.jpg,test
4987.jpg,test
4988.jpg,test
4989.jpg,test
4990.jpg,test
4991.jpg,test
4992.jpg,test
4993.jpg,test
4994.jpg,test
4995.jpg,test
4996.jpg,test
4997.jpg,test
4998.jpg,test
4999.jpg,test
5000.jpg,test
